timeStamp,elapsed,label,responseCode,responseMessage,threadName,dataType,success,failureMessage,bytes,sentBytes,grpThreads,allThreads,URL,Latency,IdleTime,Connect
1672319871260,937,GET All Activities,200,OK,Endurance Test 1-2,text,true,,3109,164,2,2,https://p3udacityduyyugi-appservice.azurewebsites.net/api/Activities,934,0,808
1672319870836,1361,GET All Activities,200,OK,Endurance Test 1-1,text,true,,3109,164,2,2,https://p3udacityduyyugi-appservice.azurewebsites.net/api/Activities,1358,0,1232
1672319872199,94,GET All Activities,200,OK,Endurance Test 1-2,text,true,,3109,164,2,2,https://p3udacityduyyugi-appservice.azurewebsites.net/api/Activities,94,0,0
1672319872199,96,GET All Activities,200,OK,Endurance Test 1-1,text,true,,3109,164,2,2,https://p3udacityduyyugi-appservice.azurewebsites.net/api/Activities,96,0,0
1672319872295,121,GET All Activities,200,OK,Endurance Test 1-1,text,true,,3109,164,2,2,https://p3udacityduyyugi-appservice.azurewebsites.net/api/Activities,121,0,0
1672319872294,122,GET All Activities,200,OK,Endurance Test 1-2,text,true,,3109,164,2,2,https://p3udacityduyyugi-appservice.azurewebsites.net/api/Activities,122,0,0
1672319872417,100,GET All Activities,200,OK,Endurance Test 1-1,text,true,,3079,164,2,2,https://p3udacityduyyugi-appservice.azurewebsites.net/api/Activities,100,0,0
1672319872417,103,GET All Activities,200,OK,Endurance Test 1-2,text,true,,3079,164,2,2,https://p3udacityduyyugi-appservice.azurewebsites.net/api/Activities,103,0,0
1672319872517,101,GET All Activities,200,OK,Endurance Test 1-1,text,true,,3109,164,2,2,https://p3udacityduyyugi-appservice.azurewebsites.net/api/Activities,101,0,0
1672319872520,100,GET All Activities,200,OK,Endurance Test 1-2,text,true,,3109,164,2,2,https://p3udacityduyyugi-appservice.azurewebsites.net/api/Activities,100,0,0
1672319872618,99,GET All Activities,200,OK,Endurance Test 1-1,text,true,,3109,164,2,2,https://p3udacityduyyugi-appservice.azurewebsites.net/api/Activities,99,0,0
1672319872620,98,GET All Activities,200,OK,Endurance Test 1-2,text,true,,3109,164,2,2,https://p3udacityduyyugi-appservice.azurewebsites.net/api/Activities,98,0,0
1672319872718,114,GET All Activities,200,OK,Endurance Test 1-1,text,true,,3109,164,2,2,https://p3udacityduyyugi-appservice.azurewebsites.net/api/Activities,114,0,0
1672319872719,113,GET All Activities,200,OK,Endurance Test 1-2,text,true,,3109,164,2,2,https://p3udacityduyyugi-appservice.azurewebsites.net/api/Activities,113,0,0
1672319872832,102,GET All Activities,200,OK,Endurance Test 1-2,text,true,,3109,164,2,2,https://p3udacityduyyugi-appservice.azurewebsites.net/api/Activities,102,0,0
1672319872832,103,GET All Activities,200,OK,Endurance Test 1-1,text,true,,3109,164,2,2,https://p3udacityduyyugi-appservice.azurewebsites.net/api/Activities,103,0,0
1672319872935,98,GET All Activities,200,OK,Endurance Test 1-2,text,true,,3109,164,2,2,https://p3udacityduyyugi-appservice.azurewebsites.net/api/Activities,98,0,0
1672319872935,98,GET All Activities,200,OK,Endurance Test 1-1,text,true,,3109,164,2,2,https://p3udacityduyyugi-appservice.azurewebsites.net/api/Activities,98,0,0
1672319873034,99,GET All Activities,200,OK,Endurance Test 1-1,text,true,,3109,164,2,2,https://p3udacityduyyugi-appservice.azurewebsites.net/api/Activities,99,0,0
1672319873034,99,GET All Activities,200,OK,Endurance Test 1-2,text,true,,3109,164,2,2,https://p3udacityduyyugi-appservice.azurewebsites.net/api/Activities,99,0,0
1672319873133,100,GET All Activities,200,OK,Endurance Test 1-2,text,true,,3109,164,2,2,https://p3udacityduyyugi-appservice.azurewebsites.net/api/Activities,100,0,0
1672319873133,104,GET All Activities,200,OK,Endurance Test 1-1,text,true,,3109,164,2,2,https://p3udacityduyyugi-appservice.azurewebsites.net/api/Activities,104,0,0
1672319873234,98,GET All Activities,200,OK,Endurance Test 1-2,text,true,,3109,164,2,2,https://p3udacityduyyugi-appservice.azurewebsites.net/api/Activities,98,0,0
1672319873237,98,GET All Activities,200,OK,Endurance Test 1-1,text,true,,3109,164,2,2,https://p3udacityduyyugi-appservice.azurewebsites.net/api/Activities,98,0,0
1672319873333,98,GET All Activities,200,OK,Endurance Test 1-2,text,true,,3079,164,2,2,https://p3udacityduyyugi-appservice.azurewebsites.net/api/Activities,97,0,0
1672319873335,100,GET All Activities,200,OK,Endurance Test 1-1,text,true,,3109,164,2,2,https://p3udacityduyyugi-appservice.azurewebsites.net/api/Activities,100,0,0
1672319873431,99,GET All Activities,200,OK,Endurance Test 1-2,text,true,,3109,164,2,2,https://p3udacityduyyugi-appservice.azurewebsites.net/api/Activities,99,0,0
1672319873436,99,GET All Activities,200,OK,Endurance Test 1-1,text,true,,3109,164,2,2,https://p3udacityduyyugi-appservice.azurewebsites.net/api/Activities,99,0,0
1672319873531,95,GET All Activities,200,OK,Endurance Test 1-2,text,true,,3109,164,2,2,https://p3udacityduyyugi-appservice.azurewebsites.net/api/Activities,95,0,0
1672319873535,96,GET All Activities,200,OK,Endurance Test 1-1,text,true,,3109,164,2,2,https://p3udacityduyyugi-appservice.azurewebsites.net/api/Activities,96,0,0
1672319873632,99,GET All Activities,200,OK,Endurance Test 1-1,text,true,,3109,164,2,2,https://p3udacityduyyugi-appservice.azurewebsites.net/api/Activities,99,0,0
1672319873627,104,GET All Activities,200,OK,Endurance Test 1-2,text,true,,3109,164,2,2,https://p3udacityduyyugi-appservice.azurewebsites.net/api/Activities,104,0,0
1672319873731,99,GET All Activities,200,OK,Endurance Test 1-1,text,true,,3109,164,2,2,https://p3udacityduyyugi-appservice.azurewebsites.net/api/Activities,99,0,0
1672319873732,99,GET All Activities,200,OK,Endurance Test 1-2,text,true,,3109,164,2,2,https://p3udacityduyyugi-appservice.azurewebsites.net/api/Activities,98,0,0
1672319873831,98,GET All Activities,200,OK,Endurance Test 1-1,text,true,,3079,164,2,2,https://p3udacityduyyugi-appservice.azurewebsites.net/api/Activities,98,0,0
1672319873831,98,GET All Activities,200,OK,Endurance Test 1-2,text,true,,3079,164,2,2,https://p3udacityduyyugi-appservice.azurewebsites.net/api/Activities,98,0,0
1672319873929,97,GET All Activities,200,OK,Endurance Test 1-2,text,true,,3109,164,2,2,https://p3udacityduyyugi-appservice.azurewebsites.net/api/Activities,97,0,0
1672319873929,97,GET All Activities,200,OK,Endurance Test 1-1,text,true,,3109,164,2,2,https://p3udacityduyyugi-appservice.azurewebsites.net/api/Activities,97,0,0
1672319874026,94,GET All Activities,200,OK,Endurance Test 1-2,text,true,,3109,164,2,2,https://p3udacityduyyugi-appservice.azurewebsites.net/api/Activities,94,0,0
1672319874026,95,GET All Activities,200,OK,Endurance Test 1-1,text,true,,3109,164,2,2,https://p3udacityduyyugi-appservice.azurewebsites.net/api/Activities,95,0,0
1672319874121,97,GET All Activities,200,OK,Endurance Test 1-1,text,true,,3109,164,2,2,https://p3udacityduyyugi-appservice.azurewebsites.net/api/Activities,97,0,0
1672319874120,99,GET All Activities,200,OK,Endurance Test 1-2,text,true,,3109,164,2,2,https://p3udacityduyyugi-appservice.azurewebsites.net/api/Activities,99,0,0
1672319874219,97,GET All Activities,200,OK,Endurance Test 1-2,text,true,,3079,164,2,2,https://p3udacityduyyugi-appservice.azurewebsites.net/api/Activities,97,0,0
1672319874218,98,GET All Activities,200,OK,Endurance Test 1-1,text,true,,3079,164,2,2,https://p3udacityduyyugi-appservice.azurewebsites.net/api/Activities,98,0,0
1672319874316,101,GET All Activities,200,OK,Endurance Test 1-2,text,true,,3109,164,2,2,https://p3udacityduyyugi-appservice.azurewebsites.net/api/Activities,101,0,0
1672319874316,101,GET All Activities,200,OK,Endurance Test 1-1,text,true,,3109,164,2,2,https://p3udacityduyyugi-appservice.azurewebsites.net/api/Activities,101,0,0
1672319874417,99,GET All Activities,200,OK,Endurance Test 1-2,text,true,,3109,164,2,2,https://p3udacityduyyugi-appservice.azurewebsites.net/api/Activities,99,0,0
1672319874417,102,GET All Activities,200,OK,Endurance Test 1-1,text,true,,3109,164,2,2,https://p3udacityduyyugi-appservice.azurewebsites.net/api/Activities,102,0,0
1672319874516,100,GET All Activities,200,OK,Endurance Test 1-2,text,true,,3109,164,2,2,https://p3udacityduyyugi-appservice.azurewebsites.net/api/Activities,100,0,0
1672319874520,97,GET All Activities,200,OK,Endurance Test 1-1,text,true,,3109,164,2,2,https://p3udacityduyyugi-appservice.azurewebsites.net/api/Activities,97,0,0
1672319874617,97,GET All Activities,200,OK,Endurance Test 1-2,text,true,,3109,164,2,2,https://p3udacityduyyugi-appservice.azurewebsites.net/api/Activities,96,0,0
1672319874617,99,GET All Activities,200,OK,Endurance Test 1-1,text,true,,3109,164,2,2,https://p3udacityduyyugi-appservice.azurewebsites.net/api/Activities,99,0,0
1672319874717,101,GET All Activities,200,OK,Endurance Test 1-1,text,true,,3109,164,2,2,https://p3udacityduyyugi-appservice.azurewebsites.net/api/Activities,101,0,0
1672319874714,104,GET All Activities,200,OK,Endurance Test 1-2,text,true,,3109,164,2,2,https://p3udacityduyyugi-appservice.azurewebsites.net/api/Activities,104,0,0
1672319874818,95,GET All Activities,200,OK,Endurance Test 1-1,text,true,,3109,164,2,2,https://p3udacityduyyugi-appservice.azurewebsites.net/api/Activities,95,0,0
1672319874818,95,GET All Activities,200,OK,Endurance Test 1-2,text,true,,3109,164,2,2,https://p3udacityduyyugi-appservice.azurewebsites.net/api/Activities,95,0,0
1672319874914,105,GET All Activities,200,OK,Endurance Test 1-2,text,true,,3079,164,2,2,https://p3udacityduyyugi-appservice.azurewebsites.net/api/Activities,104,0,0
1672319874914,109,GET All Activities,200,OK,Endurance Test 1-1,text,true,,3079,164,2,2,https://p3udacityduyyugi-appservice.azurewebsites.net/api/Activities,109,0,0
1672319875019,98,GET All Activities,200,OK,Endurance Test 1-2,text,true,,3109,164,2,2,https://p3udacityduyyugi-appservice.azurewebsites.net/api/Activities,98,0,0
1672319875023,99,GET All Activities,200,OK,Endurance Test 1-1,text,true,,3109,164,2,2,https://p3udacityduyyugi-appservice.azurewebsites.net/api/Activities,99,0,0
1672319875117,101,GET All Activities,200,OK,Endurance Test 1-2,text,true,,3109,164,2,2,https://p3udacityduyyugi-appservice.azurewebsites.net/api/Activities,101,0,0
1672319875123,97,GET All Activities,200,OK,Endurance Test 1-1,text,true,,3109,164,2,2,https://p3udacityduyyugi-appservice.azurewebsites.net/api/Activities,97,0,0
1672319875218,104,GET All Activities,200,OK,Endurance Test 1-2,text,true,,3109,164,2,2,https://p3udacityduyyugi-appservice.azurewebsites.net/api/Activities,104,0,0
1672319875221,101,GET All Activities,200,OK,Endurance Test 1-1,text,true,,3109,164,2,2,https://p3udacityduyyugi-appservice.azurewebsites.net/api/Activities,101,0,0
1672319875322,100,GET All Activities,200,OK,Endurance Test 1-1,text,true,,3109,164,2,2,https://p3udacityduyyugi-appservice.azurewebsites.net/api/Activities,100,0,0
1672319875322,102,GET All Activities,200,OK,Endurance Test 1-2,text,true,,3109,164,2,2,https://p3udacityduyyugi-appservice.azurewebsites.net/api/Activities,102,0,0
1672319875424,98,GET All Activities,200,OK,Endurance Test 1-2,text,true,,3109,164,2,2,https://p3udacityduyyugi-appservice.azurewebsites.net/api/Activities,98,0,0
1672319875423,99,GET All Activities,200,OK,Endurance Test 1-1,text,true,,3109,164,2,2,https://p3udacityduyyugi-appservice.azurewebsites.net/api/Activities,99,0,0
1672319875522,104,GET All Activities,200,OK,Endurance Test 1-1,text,true,,3109,164,2,2,https://p3udacityduyyugi-appservice.azurewebsites.net/api/Activities,104,0,0
1672319875522,106,GET All Activities,200,OK,Endurance Test 1-2,text,true,,3109,164,2,2,https://p3udacityduyyugi-appservice.azurewebsites.net/api/Activities,106,0,0
1672319875628,101,GET All Activities,200,OK,Endurance Test 1-2,text,true,,3109,164,2,2,https://p3udacityduyyugi-appservice.azurewebsites.net/api/Activities,101,0,0
1672319875730,100,GET All Activities,200,OK,Endurance Test 1-2,text,true,,3109,164,2,2,https://p3udacityduyyugi-appservice.azurewebsites.net/api/Activities,100,0,0
1672319875830,98,GET All Activities,200,OK,Endurance Test 1-2,text,true,,3109,164,2,2,https://p3udacityduyyugi-appservice.azurewebsites.net/api/Activities,98,0,0
1672319875627,384,GET All Activities,200,OK,Endurance Test 1-1,text,true,,3109,164,2,2,https://p3udacityduyyugi-appservice.azurewebsites.net/api/Activities,384,0,0
1672319875928,96,GET All Activities,200,OK,Endurance Test 1-2,text,true,,3109,164,2,2,https://p3udacityduyyugi-appservice.azurewebsites.net/api/Activities,96,0,0
1672319876011,105,GET All Activities,200,OK,Endurance Test 1-1,text,true,,3109,164,2,2,https://p3udacityduyyugi-appservice.azurewebsites.net/api/Activities,105,0,0
1672319876024,117,GET All Activities,200,OK,Endurance Test 1-2,text,true,,3109,164,2,2,https://p3udacityduyyugi-appservice.azurewebsites.net/api/Activities,117,0,0
1672319876116,99,GET All Activities,200,OK,Endurance Test 1-1,text,true,,3109,164,2,2,https://p3udacityduyyugi-appservice.azurewebsites.net/api/Activities,99,0,0
1672319876142,112,GET All Activities,200,OK,Endurance Test 1-2,text,true,,3109,164,2,2,https://p3udacityduyyugi-appservice.azurewebsites.net/api/Activities,112,0,0
1672319876215,99,GET All Activities,200,OK,Endurance Test 1-1,text,true,,3109,164,2,2,https://p3udacityduyyugi-appservice.azurewebsites.net/api/Activities,99,0,0
1672319876255,97,GET All Activities,200,OK,Endurance Test 1-2,text,true,,3109,164,2,2,https://p3udacityduyyugi-appservice.azurewebsites.net/api/Activities,97,0,0
1672319876314,100,GET All Activities,200,OK,Endurance Test 1-1,text,true,,3109,164,2,2,https://p3udacityduyyugi-appservice.azurewebsites.net/api/Activities,100,0,0
1672319876352,99,GET All Activities,200,OK,Endurance Test 1-2,text,true,,3109,164,2,2,https://p3udacityduyyugi-appservice.azurewebsites.net/api/Activities,99,0,0
1672319876414,99,GET All Activities,200,OK,Endurance Test 1-1,text,true,,3109,164,2,2,https://p3udacityduyyugi-appservice.azurewebsites.net/api/Activities,99,0,0
1672319876451,99,GET All Activities,200,OK,Endurance Test 1-2,text,true,,3109,164,2,2,https://p3udacityduyyugi-appservice.azurewebsites.net/api/Activities,99,0,0
1672319876513,99,GET All Activities,200,OK,Endurance Test 1-1,text,true,,3109,164,2,2,https://p3udacityduyyugi-appservice.azurewebsites.net/api/Activities,99,0,0
1672319876550,99,GET All Activities,200,OK,Endurance Test 1-2,text,true,,3109,164,2,2,https://p3udacityduyyugi-appservice.azurewebsites.net/api/Activities,99,0,0
1672319876612,98,GET All Activities,200,OK,Endurance Test 1-1,text,true,,3109,164,2,2,https://p3udacityduyyugi-appservice.azurewebsites.net/api/Activities,98,0,0
1672319876649,102,GET All Activities,200,OK,Endurance Test 1-2,text,true,,3079,164,2,2,https://p3udacityduyyugi-appservice.azurewebsites.net/api/Activities,101,0,0
1672319876710,100,GET All Activities,200,OK,Endurance Test 1-1,text,true,,3109,164,2,2,https://p3udacityduyyugi-appservice.azurewebsites.net/api/Activities,100,0,0
1672319876751,120,GET All Activities,200,OK,Endurance Test 1-2,text,true,,3109,164,2,2,https://p3udacityduyyugi-appservice.azurewebsites.net/api/Activities,120,0,0
1672319876811,95,GET All Activities,200,OK,Endurance Test 1-1,text,true,,3109,164,2,2,https://p3udacityduyyugi-appservice.azurewebsites.net/api/Activities,95,0,0
1672319876872,95,GET All Activities,200,OK,Endurance Test 1-2,text,true,,3109,164,2,2,https://p3udacityduyyugi-appservice.azurewebsites.net/api/Activities,95,0,0
1672319876906,96,GET All Activities,200,OK,Endurance Test 1-1,text,true,,3109,164,2,2,https://p3udacityduyyugi-appservice.azurewebsites.net/api/Activities,96,0,0
1672319876967,97,GET All Activities,200,OK,Endurance Test 1-2,text,true,,3109,164,2,2,https://p3udacityduyyugi-appservice.azurewebsites.net/api/Activities,97,0,0
1672319877002,105,GET All Activities,200,OK,Endurance Test 1-1,text,true,,3109,164,2,2,https://p3udacityduyyugi-appservice.azurewebsites.net/api/Activities,105,0,0
1672319877064,100,GET All Activities,200,OK,Endurance Test 1-2,text,true,,3109,164,2,2,https://p3udacityduyyugi-appservice.azurewebsites.net/api/Activities,100,0,0
1672319877107,97,GET All Activities,200,OK,Endurance Test 1-1,text,true,,3109,164,2,2,https://p3udacityduyyugi-appservice.azurewebsites.net/api/Activities,97,0,0
1672319877164,96,GET All Activities,200,OK,Endurance Test 1-2,text,true,,3109,164,2,2,https://p3udacityduyyugi-appservice.azurewebsites.net/api/Activities,96,0,0
1672319877204,101,GET All Activities,200,OK,Endurance Test 1-1,text,true,,3109,164,2,2,https://p3udacityduyyugi-appservice.azurewebsites.net/api/Activities,101,0,0
1672319877260,98,GET All Activities,200,OK,Endurance Test 1-2,text,true,,3109,164,2,2,https://p3udacityduyyugi-appservice.azurewebsites.net/api/Activities,98,0,0
1672319877306,113,GET All Activities,200,OK,Endurance Test 1-1,text,true,,3109,164,2,2,https://p3udacityduyyugi-appservice.azurewebsites.net/api/Activities,113,0,0
1672319877358,97,GET All Activities,200,OK,Endurance Test 1-2,text,true,,3109,164,2,2,https://p3udacityduyyugi-appservice.azurewebsites.net/api/Activities,97,0,0
1672319877420,105,GET All Activities,200,OK,Endurance Test 1-1,text,true,,3109,164,2,2,https://p3udacityduyyugi-appservice.azurewebsites.net/api/Activities,105,0,0
1672319877456,97,GET All Activities,200,OK,Endurance Test 1-2,text,true,,3109,164,2,2,https://p3udacityduyyugi-appservice.azurewebsites.net/api/Activities,97,0,0
1672319877525,98,GET All Activities,200,OK,Endurance Test 1-1,text,true,,3109,164,2,2,https://p3udacityduyyugi-appservice.azurewebsites.net/api/Activities,98,0,0
1672319877553,105,GET All Activities,200,OK,Endurance Test 1-2,text,true,,3109,164,2,2,https://p3udacityduyyugi-appservice.azurewebsites.net/api/Activities,105,0,0
1672319877623,104,GET All Activities,200,OK,Endurance Test 1-1,text,true,,3109,164,2,2,https://p3udacityduyyugi-appservice.azurewebsites.net/api/Activities,104,0,0
1672319877658,98,GET All Activities,200,OK,Endurance Test 1-2,text,true,,3079,164,2,2,https://p3udacityduyyugi-appservice.azurewebsites.net/api/Activities,98,0,0
1672319877728,98,GET All Activities,200,OK,Endurance Test 1-1,text,true,,3109,164,2,2,https://p3udacityduyyugi-appservice.azurewebsites.net/api/Activities,98,0,0
1672319877756,101,GET All Activities,200,OK,Endurance Test 1-2,text,true,,3109,164,2,2,https://p3udacityduyyugi-appservice.azurewebsites.net/api/Activities,101,0,0
1672319877826,97,GET All Activities,200,OK,Endurance Test 1-1,text,true,,3109,164,2,2,https://p3udacityduyyugi-appservice.azurewebsites.net/api/Activities,97,0,0
1672319877858,111,GET All Activities,200,OK,Endurance Test 1-2,text,true,,3109,164,2,2,https://p3udacityduyyugi-appservice.azurewebsites.net/api/Activities,111,0,0
1672319877924,97,GET All Activities,200,OK,Endurance Test 1-1,text,true,,3109,164,2,2,https://p3udacityduyyugi-appservice.azurewebsites.net/api/Activities,97,0,0
1672319877970,96,GET All Activities,200,OK,Endurance Test 1-2,text,true,,3109,164,2,2,https://p3udacityduyyugi-appservice.azurewebsites.net/api/Activities,96,0,0
1672319878021,97,GET All Activities,200,OK,Endurance Test 1-1,text,true,,3079,164,2,2,https://p3udacityduyyugi-appservice.azurewebsites.net/api/Activities,97,0,0
1672319878066,116,GET All Activities,200,OK,Endurance Test 1-2,text,true,,3079,164,2,2,https://p3udacityduyyugi-appservice.azurewebsites.net/api/Activities,116,0,0
1672319878118,100,GET All Activities,200,OK,Endurance Test 1-1,text,true,,3109,164,2,2,https://p3udacityduyyugi-appservice.azurewebsites.net/api/Activities,100,0,0
1672319878183,93,GET All Activities,200,OK,Endurance Test 1-2,text,true,,3079,164,2,2,https://p3udacityduyyugi-appservice.azurewebsites.net/api/Activities,93,0,0
1672319878219,89,GET All Activities,200,OK,Endurance Test 1-1,text,true,,3109,164,2,2,https://p3udacityduyyugi-appservice.azurewebsites.net/api/Activities,89,0,0
1672319878276,84,GET All Activities,200,OK,Endurance Test 1-2,text,true,,3109,164,2,2,https://p3udacityduyyugi-appservice.azurewebsites.net/api/Activities,84,0,0
1672319878308,82,GET All Activities,200,OK,Endurance Test 1-1,text,true,,3109,164,2,2,https://p3udacityduyyugi-appservice.azurewebsites.net/api/Activities,82,0,0
1672319878360,83,GET All Activities,200,OK,Endurance Test 1-2,text,true,,3109,164,2,2,https://p3udacityduyyugi-appservice.azurewebsites.net/api/Activities,83,0,0
1672319878390,105,GET All Activities,200,OK,Endurance Test 1-1,text,true,,3109,164,2,2,https://p3udacityduyyugi-appservice.azurewebsites.net/api/Activities,105,0,0
1672319878443,90,GET All Activities,200,OK,Endurance Test 1-2,text,true,,3109,164,2,2,https://p3udacityduyyugi-appservice.azurewebsites.net/api/Activities,90,0,0
1672319878495,93,GET All Activities,200,OK,Endurance Test 1-1,text,true,,3109,164,2,2,https://p3udacityduyyugi-appservice.azurewebsites.net/api/Activities,93,0,0
1672319878533,98,GET All Activities,200,OK,Endurance Test 1-2,text,true,,3109,164,2,2,https://p3udacityduyyugi-appservice.azurewebsites.net/api/Activities,98,0,0
1672319878589,112,GET All Activities,200,OK,Endurance Test 1-1,text,true,,3109,164,2,2,https://p3udacityduyyugi-appservice.azurewebsites.net/api/Activities,112,0,0
1672319878631,99,GET All Activities,200,OK,Endurance Test 1-2,text,true,,3109,164,2,2,https://p3udacityduyyugi-appservice.azurewebsites.net/api/Activities,99,0,0
1672319878702,118,GET All Activities,200,OK,Endurance Test 1-1,text,true,,3109,164,2,2,https://p3udacityduyyugi-appservice.azurewebsites.net/api/Activities,118,0,0
1672319878731,106,GET All Activities,200,OK,Endurance Test 1-2,text,true,,3109,164,2,2,https://p3udacityduyyugi-appservice.azurewebsites.net/api/Activities,106,0,0
1672319878820,103,GET All Activities,200,OK,Endurance Test 1-1,text,true,,3109,164,2,2,https://p3udacityduyyugi-appservice.azurewebsites.net/api/Activities,103,0,0
1672319878838,97,GET All Activities,200,OK,Endurance Test 1-2,text,true,,3109,164,2,2,https://p3udacityduyyugi-appservice.azurewebsites.net/api/Activities,97,0,0
1672319878923,98,GET All Activities,200,OK,Endurance Test 1-1,text,true,,3079,164,2,2,https://p3udacityduyyugi-appservice.azurewebsites.net/api/Activities,98,0,0
1672319879021,101,GET All Activities,200,OK,Endurance Test 1-1,text,true,,3109,164,2,2,https://p3udacityduyyugi-appservice.azurewebsites.net/api/Activities,101,0,0
1672319879123,101,GET All Activities,200,OK,Endurance Test 1-1,text,true,,3109,164,2,2,https://p3udacityduyyugi-appservice.azurewebsites.net/api/Activities,101,0,0
1672319878936,380,GET All Activities,200,OK,Endurance Test 1-2,text,true,,3109,164,2,2,https://p3udacityduyyugi-appservice.azurewebsites.net/api/Activities,380,0,0
1672319879224,98,GET All Activities,200,OK,Endurance Test 1-1,text,true,,3109,164,2,2,https://p3udacityduyyugi-appservice.azurewebsites.net/api/Activities,98,0,0
1672319879322,104,GET All Activities,200,OK,Endurance Test 1-1,text,true,,3109,164,2,2,https://p3udacityduyyugi-appservice.azurewebsites.net/api/Activities,104,0,0
1672319879317,110,GET All Activities,200,OK,Endurance Test 1-2,text,true,,3109,164,2,2,https://p3udacityduyyugi-appservice.azurewebsites.net/api/Activities,110,0,0
1672319879427,101,GET All Activities,200,OK,Endurance Test 1-2,text,true,,3109,164,2,2,https://p3udacityduyyugi-appservice.azurewebsites.net/api/Activities,101,0,0
1672319879427,102,GET All Activities,200,OK,Endurance Test 1-1,text,true,,3109,164,2,2,https://p3udacityduyyugi-appservice.azurewebsites.net/api/Activities,102,0,0
1672319879529,99,GET All Activities,200,OK,Endurance Test 1-1,text,true,,3109,164,2,2,https://p3udacityduyyugi-appservice.azurewebsites.net/api/Activities,99,0,0
1672319879529,100,GET All Activities,200,OK,Endurance Test 1-2,text,true,,3109,164,2,2,https://p3udacityduyyugi-appservice.azurewebsites.net/api/Activities,100,0,0
1672319879629,100,GET All Activities,200,OK,Endurance Test 1-1,text,true,,3109,164,2,2,https://p3udacityduyyugi-appservice.azurewebsites.net/api/Activities,100,0,0
1672319879629,100,GET All Activities,200,OK,Endurance Test 1-2,text,true,,3109,164,2,2,https://p3udacityduyyugi-appservice.azurewebsites.net/api/Activities,100,0,0
1672319879729,102,GET All Activities,200,OK,Endurance Test 1-2,text,true,,3109,164,2,2,https://p3udacityduyyugi-appservice.azurewebsites.net/api/Activities,102,0,0
1672319879729,102,GET All Activities,200,OK,Endurance Test 1-1,text,true,,3109,164,2,2,https://p3udacityduyyugi-appservice.azurewebsites.net/api/Activities,102,0,0
1672319879831,100,GET All Activities,200,OK,Endurance Test 1-1,text,true,,3109,164,2,2,https://p3udacityduyyugi-appservice.azurewebsites.net/api/Activities,100,0,0
1672319879831,100,GET All Activities,200,OK,Endurance Test 1-2,text,true,,3109,164,2,2,https://p3udacityduyyugi-appservice.azurewebsites.net/api/Activities,100,0,0
1672319879931,98,GET All Activities,200,OK,Endurance Test 1-2,text,true,,3109,164,2,2,https://p3udacityduyyugi-appservice.azurewebsites.net/api/Activities,98,0,0
1672319879931,99,GET All Activities,200,OK,Endurance Test 1-1,text,true,,3109,164,2,2,https://p3udacityduyyugi-appservice.azurewebsites.net/api/Activities,99,0,0
1672319880030,110,GET All Activities,200,OK,Endurance Test 1-1,text,true,,3109,164,2,2,https://p3udacityduyyugi-appservice.azurewebsites.net/api/Activities,110,0,0
1672319880032,108,GET All Activities,200,OK,Endurance Test 1-2,text,true,,3109,164,2,2,https://p3udacityduyyugi-appservice.azurewebsites.net/api/Activities,108,0,0
1672319880141,99,GET All Activities,200,OK,Endurance Test 1-2,text,true,,3109,164,2,2,https://p3udacityduyyugi-appservice.azurewebsites.net/api/Activities,99,0,0
1672319880141,99,GET All Activities,200,OK,Endurance Test 1-1,text,true,,3109,164,2,2,https://p3udacityduyyugi-appservice.azurewebsites.net/api/Activities,99,0,0
1672319880240,100,GET All Activities,200,OK,Endurance Test 1-2,text,true,,3109,164,2,2,https://p3udacityduyyugi-appservice.azurewebsites.net/api/Activities,100,0,0
1672319880240,103,GET All Activities,200,OK,Endurance Test 1-1,text,true,,3109,164,2,2,https://p3udacityduyyugi-appservice.azurewebsites.net/api/Activities,103,0,0
1672319880340,99,GET All Activities,200,OK,Endurance Test 1-2,text,true,,3049,164,2,2,https://p3udacityduyyugi-appservice.azurewebsites.net/api/Activities,99,0,0
1672319880344,98,GET All Activities,200,OK,Endurance Test 1-1,text,true,,3049,164,2,2,https://p3udacityduyyugi-appservice.azurewebsites.net/api/Activities,98,0,0
1672319880440,101,GET All Activities,200,OK,Endurance Test 1-2,text,true,,3109,164,2,2,https://p3udacityduyyugi-appservice.azurewebsites.net/api/Activities,101,0,0
1672319880443,98,GET All Activities,200,OK,Endurance Test 1-1,text,true,,3109,164,2,2,https://p3udacityduyyugi-appservice.azurewebsites.net/api/Activities,98,0,0
1672319880541,99,GET All Activities,200,OK,Endurance Test 1-2,text,true,,3109,164,2,2,https://p3udacityduyyugi-appservice.azurewebsites.net/api/Activities,99,0,0
1672319880542,98,GET All Activities,200,OK,Endurance Test 1-1,text,true,,3109,164,2,2,https://p3udacityduyyugi-appservice.azurewebsites.net/api/Activities,98,0,0
1672319880640,110,GET All Activities,200,OK,Endurance Test 1-2,text,true,,3109,164,2,2,https://p3udacityduyyugi-appservice.azurewebsites.net/api/Activities,110,0,0
1672319880641,109,GET All Activities,200,OK,Endurance Test 1-1,text,true,,3109,164,2,2,https://p3udacityduyyugi-appservice.azurewebsites.net/api/Activities,109,0,0
1672319880750,95,GET All Activities,200,OK,Endurance Test 1-2,text,true,,3109,164,2,2,https://p3udacityduyyugi-appservice.azurewebsites.net/api/Activities,95,0,0
1672319880750,95,GET All Activities,200,OK,Endurance Test 1-1,text,true,,3109,164,2,2,https://p3udacityduyyugi-appservice.azurewebsites.net/api/Activities,95,0,0
1672319880845,100,GET All Activities,200,OK,Endurance Test 1-2,text,true,,3109,164,2,2,https://p3udacityduyyugi-appservice.azurewebsites.net/api/Activities,100,0,0
1672319880945,100,GET All Activities,200,OK,Endurance Test 1-2,text,true,,3109,164,2,2,https://p3udacityduyyugi-appservice.azurewebsites.net/api/Activities,100,0,0
1672319881045,96,GET All Activities,200,OK,Endurance Test 1-2,text,true,,3109,164,2,2,https://p3udacityduyyugi-appservice.azurewebsites.net/api/Activities,96,0,0
1672319880846,404,GET All Activities,200,OK,Endurance Test 1-1,text,true,,3109,164,2,2,https://p3udacityduyyugi-appservice.azurewebsites.net/api/Activities,404,0,0
1672319881141,277,GET All Activities,200,OK,Endurance Test 1-2,text,true,,3109,164,2,2,https://p3udacityduyyugi-appservice.azurewebsites.net/api/Activities,277,0,0
1672319881250,170,GET All Activities,200,OK,Endurance Test 1-1,text,true,,3109,164,2,2,https://p3udacityduyyugi-appservice.azurewebsites.net/api/Activities,169,0,0
1672319881420,100,GET All Activities,200,OK,Endurance Test 1-1,text,true,,3079,164,2,2,https://p3udacityduyyugi-appservice.azurewebsites.net/api/Activities,100,0,0
1672319881418,109,GET All Activities,200,OK,Endurance Test 1-2,text,true,,3079,164,2,2,https://p3udacityduyyugi-appservice.azurewebsites.net/api/Activities,109,0,0
1672319881520,100,GET All Activities,200,OK,Endurance Test 1-1,text,true,,3109,164,2,2,https://p3udacityduyyugi-appservice.azurewebsites.net/api/Activities,100,0,0
1672319881527,103,GET All Activities,200,OK,Endurance Test 1-2,text,true,,3109,164,2,2,https://p3udacityduyyugi-appservice.azurewebsites.net/api/Activities,103,0,0
1672319881620,100,GET All Activities,200,OK,Endurance Test 1-1,text,true,,3109,164,2,2,https://p3udacityduyyugi-appservice.azurewebsites.net/api/Activities,100,0,0
1672319881630,97,GET All Activities,200,OK,Endurance Test 1-2,text,true,,3109,164,2,2,https://p3udacityduyyugi-appservice.azurewebsites.net/api/Activities,97,0,0
1672319881720,99,GET All Activities,200,OK,Endurance Test 1-1,text,true,,3049,164,2,2,https://p3udacityduyyugi-appservice.azurewebsites.net/api/Activities,99,0,0
1672319881727,98,GET All Activities,200,OK,Endurance Test 1-2,text,true,,3109,164,2,2,https://p3udacityduyyugi-appservice.azurewebsites.net/api/Activities,98,0,0
1672319881819,101,GET All Activities,200,OK,Endurance Test 1-1,text,true,,3109,164,2,2,https://p3udacityduyyugi-appservice.azurewebsites.net/api/Activities,101,0,0
1672319881826,104,GET All Activities,200,OK,Endurance Test 1-2,text,true,,3109,164,2,2,https://p3udacityduyyugi-appservice.azurewebsites.net/api/Activities,104,0,0
1672319881920,101,GET All Activities,200,OK,Endurance Test 1-1,text,true,,3109,164,2,2,https://p3udacityduyyugi-appservice.azurewebsites.net/api/Activities,101,0,0
1672319881930,105,GET All Activities,200,OK,Endurance Test 1-2,text,true,,3109,164,2,2,https://p3udacityduyyugi-appservice.azurewebsites.net/api/Activities,105,0,0
1672319882022,99,GET All Activities,200,OK,Endurance Test 1-1,text,true,,3109,164,2,2,https://p3udacityduyyugi-appservice.azurewebsites.net/api/Activities,99,0,0
1672319882035,100,GET All Activities,200,OK,Endurance Test 1-2,text,true,,3109,164,2,2,https://p3udacityduyyugi-appservice.azurewebsites.net/api/Activities,100,0,0
1672319882121,99,GET All Activities,200,OK,Endurance Test 1-1,text,true,,3109,164,2,2,https://p3udacityduyyugi-appservice.azurewebsites.net/api/Activities,99,0,0
1672319882135,100,GET All Activities,200,OK,Endurance Test 1-2,text,true,,3109,164,2,2,https://p3udacityduyyugi-appservice.azurewebsites.net/api/Activities,99,0,0
1672319882220,100,GET All Activities,200,OK,Endurance Test 1-1,text,true,,3109,164,2,2,https://p3udacityduyyugi-appservice.azurewebsites.net/api/Activities,100,0,0
1672319882235,98,GET All Activities,200,OK,Endurance Test 1-2,text,true,,3109,164,2,2,https://p3udacityduyyugi-appservice.azurewebsites.net/api/Activities,98,0,0
1672319882321,98,GET All Activities,200,OK,Endurance Test 1-1,text,true,,3109,164,2,2,https://p3udacityduyyugi-appservice.azurewebsites.net/api/Activities,98,0,0
1672319882334,96,GET All Activities,200,OK,Endurance Test 1-2,text,true,,3109,164,2,2,https://p3udacityduyyugi-appservice.azurewebsites.net/api/Activities,96,0,0
1672319882419,98,GET All Activities,200,OK,Endurance Test 1-1,text,true,,3109,164,2,2,https://p3udacityduyyugi-appservice.azurewebsites.net/api/Activities,98,0,0
1672319882431,97,GET All Activities,200,OK,Endurance Test 1-2,text,true,,3109,164,2,2,https://p3udacityduyyugi-appservice.azurewebsites.net/api/Activities,97,0,0
1672319882517,99,GET All Activities,200,OK,Endurance Test 1-1,text,true,,3109,164,2,2,https://p3udacityduyyugi-appservice.azurewebsites.net/api/Activities,99,0,0
1672319882528,99,GET All Activities,200,OK,Endurance Test 1-2,text,true,,3109,164,2,2,https://p3udacityduyyugi-appservice.azurewebsites.net/api/Activities,99,0,0
1672319882616,97,GET All Activities,200,OK,Endurance Test 1-1,text,true,,3109,164,2,2,https://p3udacityduyyugi-appservice.azurewebsites.net/api/Activities,97,0,0
1672319882627,99,GET All Activities,200,OK,Endurance Test 1-2,text,true,,3109,164,2,2,https://p3udacityduyyugi-appservice.azurewebsites.net/api/Activities,99,0,0
1672319882713,100,GET All Activities,200,OK,Endurance Test 1-1,text,true,,3109,164,2,2,https://p3udacityduyyugi-appservice.azurewebsites.net/api/Activities,100,0,0
1672319882726,102,GET All Activities,200,OK,Endurance Test 1-2,text,true,,3049,164,2,2,https://p3udacityduyyugi-appservice.azurewebsites.net/api/Activities,102,0,0
1672319882814,106,GET All Activities,200,OK,Endurance Test 1-1,text,true,,3109,164,2,2,https://p3udacityduyyugi-appservice.azurewebsites.net/api/Activities,105,0,0
1672319882828,101,GET All Activities,200,OK,Endurance Test 1-2,text,true,,3109,164,2,2,https://p3udacityduyyugi-appservice.azurewebsites.net/api/Activities,101,0,0
1672319882920,98,GET All Activities,200,OK,Endurance Test 1-1,text,true,,3109,164,2,2,https://p3udacityduyyugi-appservice.azurewebsites.net/api/Activities,98,0,0
1672319882929,99,GET All Activities,200,OK,Endurance Test 1-2,text,true,,3109,164,2,2,https://p3udacityduyyugi-appservice.azurewebsites.net/api/Activities,99,0,0
1672319883019,95,GET All Activities,200,OK,Endurance Test 1-1,text,true,,3109,164,2,2,https://p3udacityduyyugi-appservice.azurewebsites.net/api/Activities,95,0,0
1672319883029,95,GET All Activities,200,OK,Endurance Test 1-2,text,true,,3109,164,2,2,https://p3udacityduyyugi-appservice.azurewebsites.net/api/Activities,95,0,0
1672319883115,96,GET All Activities,200,OK,Endurance Test 1-1,text,true,,3109,164,2,2,https://p3udacityduyyugi-appservice.azurewebsites.net/api/Activities,96,0,0
1672319883124,99,GET All Activities,200,OK,Endurance Test 1-2,text,true,,3109,164,2,2,https://p3udacityduyyugi-appservice.azurewebsites.net/api/Activities,99,0,0
1672319883212,100,GET All Activities,200,OK,Endurance Test 1-1,text,true,,3109,164,2,2,https://p3udacityduyyugi-appservice.azurewebsites.net/api/Activities,100,0,0
1672319883223,102,GET All Activities,200,OK,Endurance Test 1-2,text,true,,3109,164,2,2,https://p3udacityduyyugi-appservice.azurewebsites.net/api/Activities,102,0,0
1672319883312,98,GET All Activities,200,OK,Endurance Test 1-1,text,true,,3109,164,2,2,https://p3udacityduyyugi-appservice.azurewebsites.net/api/Activities,98,0,0
1672319883326,99,GET All Activities,200,OK,Endurance Test 1-2,text,true,,3109,164,2,2,https://p3udacityduyyugi-appservice.azurewebsites.net/api/Activities,99,0,0
1672319883410,98,GET All Activities,200,OK,Endurance Test 1-1,text,true,,3109,164,2,2,https://p3udacityduyyugi-appservice.azurewebsites.net/api/Activities,98,0,0
1672319883425,100,GET All Activities,200,OK,Endurance Test 1-2,text,true,,3109,164,2,2,https://p3udacityduyyugi-appservice.azurewebsites.net/api/Activities,100,0,0
1672319883508,101,GET All Activities,200,OK,Endurance Test 1-1,text,true,,3109,164,2,2,https://p3udacityduyyugi-appservice.azurewebsites.net/api/Activities,101,0,0
1672319883525,97,GET All Activities,200,OK,Endurance Test 1-2,text,true,,3109,164,2,2,https://p3udacityduyyugi-appservice.azurewebsites.net/api/Activities,97,0,0
1672319883610,99,GET All Activities,200,OK,Endurance Test 1-1,text,true,,3109,164,2,2,https://p3udacityduyyugi-appservice.azurewebsites.net/api/Activities,99,0,0
1672319883622,98,GET All Activities,200,OK,Endurance Test 1-2,text,true,,3109,164,2,2,https://p3udacityduyyugi-appservice.azurewebsites.net/api/Activities,98,0,0
1672319883709,103,GET All Activities,200,OK,Endurance Test 1-1,text,true,,3109,164,2,2,https://p3udacityduyyugi-appservice.azurewebsites.net/api/Activities,103,0,0
1672319883720,98,GET All Activities,200,OK,Endurance Test 1-2,text,true,,3109,164,2,2,https://p3udacityduyyugi-appservice.azurewebsites.net/api/Activities,98,0,0
1672319883818,104,GET All Activities,200,OK,Endurance Test 1-2,text,true,,3109,164,2,2,https://p3udacityduyyugi-appservice.azurewebsites.net/api/Activities,104,0,0
1672319883812,110,GET All Activities,200,OK,Endurance Test 1-1,text,true,,3109,164,2,2,https://p3udacityduyyugi-appservice.azurewebsites.net/api/Activities,110,0,0
1672319883922,99,GET All Activities,200,OK,Endurance Test 1-1,text,true,,3109,164,2,2,https://p3udacityduyyugi-appservice.azurewebsites.net/api/Activities,98,0,0
1672319883922,102,GET All Activities,200,OK,Endurance Test 1-2,text,true,,3109,164,2,2,https://p3udacityduyyugi-appservice.azurewebsites.net/api/Activities,102,0,0
1672319884021,96,GET All Activities,200,OK,Endurance Test 1-1,text,true,,3109,164,2,2,https://p3udacityduyyugi-appservice.azurewebsites.net/api/Activities,96,0,0
1672319884024,97,GET All Activities,200,OK,Endurance Test 1-2,text,true,,3109,164,2,2,https://p3udacityduyyugi-appservice.azurewebsites.net/api/Activities,97,0,0
1672319884121,129,GET All Activities,200,OK,Endurance Test 1-2,text,true,,3109,164,2,2,https://p3udacityduyyugi-appservice.azurewebsites.net/api/Activities,129,0,0
1672319884117,133,GET All Activities,200,OK,Endurance Test 1-1,text,true,,3109,164,2,2,https://p3udacityduyyugi-appservice.azurewebsites.net/api/Activities,133,0,0
1672319884251,99,GET All Activities,200,OK,Endurance Test 1-1,text,true,,3109,164,2,2,https://p3udacityduyyugi-appservice.azurewebsites.net/api/Activities,99,0,0
1672319884251,103,GET All Activities,200,OK,Endurance Test 1-2,text,true,,3109,164,2,2,https://p3udacityduyyugi-appservice.azurewebsites.net/api/Activities,103,0,0
1672319884354,100,GET All Activities,200,OK,Endurance Test 1-2,text,true,,3109,164,2,2,https://p3udacityduyyugi-appservice.azurewebsites.net/api/Activities,100,0,0
1672319884351,108,GET All Activities,200,OK,Endurance Test 1-1,text,true,,3109,164,2,2,https://p3udacityduyyugi-appservice.azurewebsites.net/api/Activities,108,0,0
1672319884454,101,GET All Activities,200,OK,Endurance Test 1-2,text,true,,3109,164,2,2,https://p3udacityduyyugi-appservice.azurewebsites.net/api/Activities,100,0,0
1672319884459,100,GET All Activities,200,OK,Endurance Test 1-1,text,true,,3109,164,2,2,https://p3udacityduyyugi-appservice.azurewebsites.net/api/Activities,100,0,0
1672319884555,102,GET All Activities,200,OK,Endurance Test 1-2,text,true,,3109,164,2,2,https://p3udacityduyyugi-appservice.azurewebsites.net/api/Activities,102,0,0
1672319884559,99,GET All Activities,200,OK,Endurance Test 1-1,text,true,,3079,164,2,2,https://p3udacityduyyugi-appservice.azurewebsites.net/api/Activities,99,0,0
1672319884657,103,GET All Activities,200,OK,Endurance Test 1-2,text,true,,3109,164,2,2,https://p3udacityduyyugi-appservice.azurewebsites.net/api/Activities,103,0,0
1672319884658,102,GET All Activities,200,OK,Endurance Test 1-1,text,true,,3109,164,2,2,https://p3udacityduyyugi-appservice.azurewebsites.net/api/Activities,102,0,0
1672319884761,96,GET All Activities,200,OK,Endurance Test 1-2,text,true,,3109,164,2,2,https://p3udacityduyyugi-appservice.azurewebsites.net/api/Activities,96,0,0
1672319884761,101,GET All Activities,200,OK,Endurance Test 1-1,text,true,,3109,164,2,2,https://p3udacityduyyugi-appservice.azurewebsites.net/api/Activities,101,0,0
1672319884857,101,GET All Activities,200,OK,Endurance Test 1-2,text,true,,3109,164,2,2,https://p3udacityduyyugi-appservice.azurewebsites.net/api/Activities,101,0,0
1672319884862,97,GET All Activities,200,OK,Endurance Test 1-1,text,true,,3109,164,2,2,https://p3udacityduyyugi-appservice.azurewebsites.net/api/Activities,97,0,0
1672319884959,99,GET All Activities,200,OK,Endurance Test 1-1,text,true,,3109,164,2,2,https://p3udacityduyyugi-appservice.azurewebsites.net/api/Activities,99,0,0
1672319884958,101,GET All Activities,200,OK,Endurance Test 1-2,text,true,,3109,164,2,2,https://p3udacityduyyugi-appservice.azurewebsites.net/api/Activities,101,0,0
1672319885059,96,GET All Activities,200,OK,Endurance Test 1-1,text,true,,3109,164,2,2,https://p3udacityduyyugi-appservice.azurewebsites.net/api/Activities,96,0,0
1672319885059,96,GET All Activities,200,OK,Endurance Test 1-2,text,true,,3109,164,2,2,https://p3udacityduyyugi-appservice.azurewebsites.net/api/Activities,96,0,0
1672319885155,111,GET All Activities,200,OK,Endurance Test 1-2,text,true,,3109,164,2,2,https://p3udacityduyyugi-appservice.azurewebsites.net/api/Activities,111,0,0
1672319885155,387,GET All Activities,200,OK,Endurance Test 1-1,text,true,,3109,164,2,2,https://p3udacityduyyugi-appservice.azurewebsites.net/api/Activities,387,0,0
1672319885543,103,GET All Activities,200,OK,Endurance Test 1-1,text,true,,3109,164,2,2,https://p3udacityduyyugi-appservice.azurewebsites.net/api/Activities,103,0,0
1672319885266,386,GET All Activities,200,OK,Endurance Test 1-2,text,true,,3109,164,2,2,https://p3udacityduyyugi-appservice.azurewebsites.net/api/Activities,386,0,0
1672319885646,99,GET All Activities,200,OK,Endurance Test 1-1,text,true,,3109,164,2,2,https://p3udacityduyyugi-appservice.azurewebsites.net/api/Activities,98,0,0
1672319885652,97,GET All Activities,200,OK,Endurance Test 1-2,text,true,,3109,164,2,2,https://p3udacityduyyugi-appservice.azurewebsites.net/api/Activities,97,0,0
1672319885745,95,GET All Activities,200,OK,Endurance Test 1-1,text,true,,3109,164,2,2,https://p3udacityduyyugi-appservice.azurewebsites.net/api/Activities,95,0,0
1672319885749,94,GET All Activities,200,OK,Endurance Test 1-2,text,true,,3109,164,2,2,https://p3udacityduyyugi-appservice.azurewebsites.net/api/Activities,94,0,0
1672319885839,99,GET All Activities,200,OK,Endurance Test 1-1,text,true,,3109,164,2,2,https://p3udacityduyyugi-appservice.azurewebsites.net/api/Activities,99,0,0
1672319885842,97,GET All Activities,200,OK,Endurance Test 1-2,text,true,,3109,164,2,2,https://p3udacityduyyugi-appservice.azurewebsites.net/api/Activities,97,0,0
1672319885939,101,GET All Activities,200,OK,Endurance Test 1-2,text,true,,3109,164,2,2,https://p3udacityduyyugi-appservice.azurewebsites.net/api/Activities,101,0,0
1672319885938,102,GET All Activities,200,OK,Endurance Test 1-1,text,true,,3109,164,2,2,https://p3udacityduyyugi-appservice.azurewebsites.net/api/Activities,102,0,0
1672319886040,102,GET All Activities,200,OK,Endurance Test 1-1,text,true,,3079,164,2,2,https://p3udacityduyyugi-appservice.azurewebsites.net/api/Activities,102,0,0
1672319886040,102,GET All Activities,200,OK,Endurance Test 1-2,text,true,,3079,164,2,2,https://p3udacityduyyugi-appservice.azurewebsites.net/api/Activities,102,0,0
1672319886142,101,GET All Activities,200,OK,Endurance Test 1-1,text,true,,3079,164,2,2,https://p3udacityduyyugi-appservice.azurewebsites.net/api/Activities,101,0,0
1672319886142,101,GET All Activities,200,OK,Endurance Test 1-2,text,true,,3079,164,2,2,https://p3udacityduyyugi-appservice.azurewebsites.net/api/Activities,101,0,0
1672319886243,98,GET All Activities,200,OK,Endurance Test 1-1,text,true,,3079,164,2,2,https://p3udacityduyyugi-appservice.azurewebsites.net/api/Activities,98,0,0
1672319886341,98,GET All Activities,200,OK,Endurance Test 1-1,text,true,,3109,164,2,2,https://p3udacityduyyugi-appservice.azurewebsites.net/api/Activities,98,0,0
1672319886439,99,GET All Activities,200,OK,Endurance Test 1-1,text,true,,3109,164,2,2,https://p3udacityduyyugi-appservice.azurewebsites.net/api/Activities,99,0,0
1672319886538,99,GET All Activities,200,OK,Endurance Test 1-1,text,true,,3079,164,2,2,https://p3udacityduyyugi-appservice.azurewebsites.net/api/Activities,99,0,0
1672319886637,100,GET All Activities,200,OK,Endurance Test 1-1,text,true,,3109,164,2,2,https://p3udacityduyyugi-appservice.azurewebsites.net/api/Activities,100,0,0
1672319886738,98,GET All Activities,200,OK,Endurance Test 1-1,text,true,,3109,164,2,2,https://p3udacityduyyugi-appservice.azurewebsites.net/api/Activities,98,0,0
1672319886837,97,GET All Activities,200,OK,Endurance Test 1-1,text,true,,3109,164,2,2,https://p3udacityduyyugi-appservice.azurewebsites.net/api/Activities,97,0,0
1672319886243,800,GET All Activities,200,OK,Endurance Test 1-2,text,true,,3109,164,2,2,https://p3udacityduyyugi-appservice.azurewebsites.net/api/Activities,800,0,0
1672319887043,100,GET All Activities,200,OK,Endurance Test 1-2,text,true,,3109,164,2,2,https://p3udacityduyyugi-appservice.azurewebsites.net/api/Activities,100,0,0
1672319887143,99,GET All Activities,200,OK,Endurance Test 1-2,text,true,,3109,164,2,2,https://p3udacityduyyugi-appservice.azurewebsites.net/api/Activities,99,0,0
1672319886935,376,GET All Activities,200,OK,Endurance Test 1-1,text,true,,3109,164,2,2,https://p3udacityduyyugi-appservice.azurewebsites.net/api/Activities,376,0,0
1672319887242,98,GET All Activities,200,OK,Endurance Test 1-2,text,true,,3109,164,2,2,https://p3udacityduyyugi-appservice.azurewebsites.net/api/Activities,98,0,0
1672319887312,96,GET All Activities,200,OK,Endurance Test 1-1,text,true,,3109,164,2,2,https://p3udacityduyyugi-appservice.azurewebsites.net/api/Activities,96,0,0
1672319887340,97,GET All Activities,200,OK,Endurance Test 1-2,text,true,,3109,164,2,2,https://p3udacityduyyugi-appservice.azurewebsites.net/api/Activities,97,0,0
1672319887408,98,GET All Activities,200,OK,Endurance Test 1-1,text,true,,3109,164,2,2,https://p3udacityduyyugi-appservice.azurewebsites.net/api/Activities,98,0,0
1672319887437,97,GET All Activities,200,OK,Endurance Test 1-2,text,true,,3109,164,2,2,https://p3udacityduyyugi-appservice.azurewebsites.net/api/Activities,97,0,0
1672319887506,101,GET All Activities,200,OK,Endurance Test 1-1,text,true,,3109,164,2,2,https://p3udacityduyyugi-appservice.azurewebsites.net/api/Activities,101,0,0
1672319887534,99,GET All Activities,200,OK,Endurance Test 1-2,text,true,,3109,164,2,2,https://p3udacityduyyugi-appservice.azurewebsites.net/api/Activities,99,0,0
1672319887607,100,GET All Activities,200,OK,Endurance Test 1-1,text,true,,3109,164,2,2,https://p3udacityduyyugi-appservice.azurewebsites.net/api/Activities,100,0,0
1672319887633,99,GET All Activities,200,OK,Endurance Test 1-2,text,true,,3109,164,2,2,https://p3udacityduyyugi-appservice.azurewebsites.net/api/Activities,99,0,0
1672319887707,110,GET All Activities,200,OK,Endurance Test 1-1,text,true,,3109,164,2,2,https://p3udacityduyyugi-appservice.azurewebsites.net/api/Activities,110,0,0
1672319887732,98,GET All Activities,200,OK,Endurance Test 1-2,text,true,,3109,164,2,2,https://p3udacityduyyugi-appservice.azurewebsites.net/api/Activities,98,0,0
1672319887817,103,GET All Activities,200,OK,Endurance Test 1-1,text,true,,3109,164,2,2,https://p3udacityduyyugi-appservice.azurewebsites.net/api/Activities,103,0,0
1672319887830,103,GET All Activities,200,OK,Endurance Test 1-2,text,true,,3109,164,2,2,https://p3udacityduyyugi-appservice.azurewebsites.net/api/Activities,103,0,0
1672319887920,98,GET All Activities,200,OK,Endurance Test 1-1,text,true,,3109,164,2,2,https://p3udacityduyyugi-appservice.azurewebsites.net/api/Activities,98,0,0
1672319887934,108,GET All Activities,200,OK,Endurance Test 1-2,text,true,,3109,164,2,2,https://p3udacityduyyugi-appservice.azurewebsites.net/api/Activities,108,0,0
1672319888018,99,GET All Activities,200,OK,Endurance Test 1-1,text,true,,3109,164,2,2,https://p3udacityduyyugi-appservice.azurewebsites.net/api/Activities,99,0,0
1672319888042,107,GET All Activities,200,OK,Endurance Test 1-2,text,true,,3109,164,2,2,https://p3udacityduyyugi-appservice.azurewebsites.net/api/Activities,107,0,0
1672319888117,99,GET All Activities,200,OK,Endurance Test 1-1,text,true,,3109,164,2,2,https://p3udacityduyyugi-appservice.azurewebsites.net/api/Activities,99,0,0
1672319888150,97,GET All Activities,200,OK,Endurance Test 1-2,text,true,,3079,164,2,2,https://p3udacityduyyugi-appservice.azurewebsites.net/api/Activities,97,0,0
1672319888216,106,GET All Activities,200,OK,Endurance Test 1-1,text,true,,3109,164,2,2,https://p3udacityduyyugi-appservice.azurewebsites.net/api/Activities,106,0,0
1672319888248,101,GET All Activities,200,OK,Endurance Test 1-2,text,true,,3109,164,2,2,https://p3udacityduyyugi-appservice.azurewebsites.net/api/Activities,101,0,0
1672319888323,121,GET All Activities,200,OK,Endurance Test 1-1,text,true,,3079,164,2,2,https://p3udacityduyyugi-appservice.azurewebsites.net/api/Activities,121,0,0
1672319888350,100,GET All Activities,200,OK,Endurance Test 1-2,text,true,,3079,164,2,2,https://p3udacityduyyugi-appservice.azurewebsites.net/api/Activities,100,0,0
1672319888445,102,GET All Activities,200,OK,Endurance Test 1-1,text,true,,3109,164,2,2,https://p3udacityduyyugi-appservice.azurewebsites.net/api/Activities,102,0,0
1672319888451,103,GET All Activities,200,OK,Endurance Test 1-2,text,true,,3109,164,2,2,https://p3udacityduyyugi-appservice.azurewebsites.net/api/Activities,103,0,0
1672319888547,89,GET All Activities,200,OK,Endurance Test 1-1,text,true,,3109,164,2,2,https://p3udacityduyyugi-appservice.azurewebsites.net/api/Activities,89,0,0
1672319888554,86,GET All Activities,200,OK,Endurance Test 1-2,text,true,,3109,164,2,2,https://p3udacityduyyugi-appservice.azurewebsites.net/api/Activities,86,0,0
1672319888637,81,GET All Activities,200,OK,Endurance Test 1-1,text,true,,3109,164,2,2,https://p3udacityduyyugi-appservice.azurewebsites.net/api/Activities,81,0,0
1672319888640,82,GET All Activities,200,OK,Endurance Test 1-2,text,true,,3109,164,2,2,https://p3udacityduyyugi-appservice.azurewebsites.net/api/Activities,82,0,0
1672319888718,80,GET All Activities,200,OK,Endurance Test 1-1,text,true,,3109,164,2,2,https://p3udacityduyyugi-appservice.azurewebsites.net/api/Activities,80,0,0
1672319888722,80,GET All Activities,200,OK,Endurance Test 1-2,text,true,,3109,164,2,2,https://p3udacityduyyugi-appservice.azurewebsites.net/api/Activities,80,0,0
1672319888798,98,GET All Activities,200,OK,Endurance Test 1-1,text,true,,3109,164,2,2,https://p3udacityduyyugi-appservice.azurewebsites.net/api/Activities,98,0,0
1672319888802,102,GET All Activities,200,OK,Endurance Test 1-2,text,true,,3109,164,2,2,https://p3udacityduyyugi-appservice.azurewebsites.net/api/Activities,102,0,0
1672319888896,94,GET All Activities,200,OK,Endurance Test 1-1,text,true,,3109,164,2,2,https://p3udacityduyyugi-appservice.azurewebsites.net/api/Activities,94,0,0
1672319888904,104,GET All Activities,200,OK,Endurance Test 1-2,text,true,,3109,164,2,2,https://p3udacityduyyugi-appservice.azurewebsites.net/api/Activities,104,0,0
1672319888990,99,GET All Activities,200,OK,Endurance Test 1-1,text,true,,3109,164,2,2,https://p3udacityduyyugi-appservice.azurewebsites.net/api/Activities,99,0,0
1672319889009,98,GET All Activities,200,OK,Endurance Test 1-2,text,true,,3109,164,2,2,https://p3udacityduyyugi-appservice.azurewebsites.net/api/Activities,98,0,0
1672319889089,100,GET All Activities,200,OK,Endurance Test 1-1,text,true,,3109,164,2,2,https://p3udacityduyyugi-appservice.azurewebsites.net/api/Activities,100,0,0
1672319889107,99,GET All Activities,200,OK,Endurance Test 1-2,text,true,,3109,164,2,2,https://p3udacityduyyugi-appservice.azurewebsites.net/api/Activities,99,0,0
1672319889189,99,GET All Activities,200,OK,Endurance Test 1-1,text,true,,3109,164,2,2,https://p3udacityduyyugi-appservice.azurewebsites.net/api/Activities,99,0,0
1672319889206,101,GET All Activities,200,OK,Endurance Test 1-2,text,true,,3109,164,2,2,https://p3udacityduyyugi-appservice.azurewebsites.net/api/Activities,101,0,0
1672319889288,100,GET All Activities,200,OK,Endurance Test 1-1,text,true,,3109,164,2,2,https://p3udacityduyyugi-appservice.azurewebsites.net/api/Activities,99,0,0
1672319889307,100,GET All Activities,200,OK,Endurance Test 1-2,text,true,,3109,164,2,2,https://p3udacityduyyugi-appservice.azurewebsites.net/api/Activities,100,0,0
1672319889388,104,GET All Activities,200,OK,Endurance Test 1-1,text,true,,3109,164,2,2,https://p3udacityduyyugi-appservice.azurewebsites.net/api/Activities,104,0,0
1672319889407,103,GET All Activities,200,OK,Endurance Test 1-2,text,true,,3109,164,2,2,https://p3udacityduyyugi-appservice.azurewebsites.net/api/Activities,103,0,0
1672319889492,98,GET All Activities,200,OK,Endurance Test 1-1,text,true,,3109,164,2,2,https://p3udacityduyyugi-appservice.azurewebsites.net/api/Activities,97,0,0
1672319889511,99,GET All Activities,200,OK,Endurance Test 1-2,text,true,,3109,164,2,2,https://p3udacityduyyugi-appservice.azurewebsites.net/api/Activities,99,0,0
1672319889590,100,GET All Activities,200,OK,Endurance Test 1-1,text,true,,3109,164,2,2,https://p3udacityduyyugi-appservice.azurewebsites.net/api/Activities,100,0,0
1672319889610,100,GET All Activities,200,OK,Endurance Test 1-2,text,true,,3109,164,2,2,https://p3udacityduyyugi-appservice.azurewebsites.net/api/Activities,100,0,0
1672319889690,108,GET All Activities,200,OK,Endurance Test 1-1,text,true,,3109,164,2,2,https://p3udacityduyyugi-appservice.azurewebsites.net/api/Activities,108,0,0
1672319889710,102,GET All Activities,200,OK,Endurance Test 1-2,text,true,,3109,164,2,2,https://p3udacityduyyugi-appservice.azurewebsites.net/api/Activities,102,0,0
1672319889798,101,GET All Activities,200,OK,Endurance Test 1-1,text,true,,3109,164,2,2,https://p3udacityduyyugi-appservice.azurewebsites.net/api/Activities,101,0,0
1672319889812,98,GET All Activities,200,OK,Endurance Test 1-2,text,true,,3109,164,2,2,https://p3udacityduyyugi-appservice.azurewebsites.net/api/Activities,98,0,0
1672319889899,103,GET All Activities,200,OK,Endurance Test 1-1,text,true,,3109,164,2,2,https://p3udacityduyyugi-appservice.azurewebsites.net/api/Activities,103,0,0
1672319889910,97,GET All Activities,200,OK,Endurance Test 1-2,text,true,,3109,164,2,2,https://p3udacityduyyugi-appservice.azurewebsites.net/api/Activities,97,0,0
1672319890002,100,GET All Activities,200,OK,Endurance Test 1-1,text,true,,3109,164,2,2,https://p3udacityduyyugi-appservice.azurewebsites.net/api/Activities,100,0,0
1672319890007,100,GET All Activities,200,OK,Endurance Test 1-2,text,true,,3109,164,2,2,https://p3udacityduyyugi-appservice.azurewebsites.net/api/Activities,100,0,0
1672319890103,99,GET All Activities,200,OK,Endurance Test 1-1,text,true,,3109,164,2,2,https://p3udacityduyyugi-appservice.azurewebsites.net/api/Activities,99,0,0
1672319890107,104,GET All Activities,200,OK,Endurance Test 1-2,text,true,,3109,164,2,2,https://p3udacityduyyugi-appservice.azurewebsites.net/api/Activities,104,0,0
1672319890202,99,GET All Activities,200,OK,Endurance Test 1-1,text,true,,3109,164,2,2,https://p3udacityduyyugi-appservice.azurewebsites.net/api/Activities,99,0,0
1672319890212,98,GET All Activities,200,OK,Endurance Test 1-2,text,true,,3109,164,2,2,https://p3udacityduyyugi-appservice.azurewebsites.net/api/Activities,98,0,0
1672319890301,98,GET All Activities,200,OK,Endurance Test 1-1,text,true,,3109,164,2,2,https://p3udacityduyyugi-appservice.azurewebsites.net/api/Activities,98,0,0
1672319890310,98,GET All Activities,200,OK,Endurance Test 1-2,text,true,,3109,164,2,2,https://p3udacityduyyugi-appservice.azurewebsites.net/api/Activities,97,0,0
1672319890399,98,GET All Activities,200,OK,Endurance Test 1-1,text,true,,3079,164,2,2,https://p3udacityduyyugi-appservice.azurewebsites.net/api/Activities,98,0,0
1672319890408,98,GET All Activities,200,OK,Endurance Test 1-2,text,true,,3079,164,2,2,https://p3udacityduyyugi-appservice.azurewebsites.net/api/Activities,98,0,0
1672319890497,99,GET All Activities,200,OK,Endurance Test 1-1,text,true,,3109,164,2,2,https://p3udacityduyyugi-appservice.azurewebsites.net/api/Activities,99,0,0
1672319890506,101,GET All Activities,200,OK,Endurance Test 1-2,text,true,,3109,164,2,2,https://p3udacityduyyugi-appservice.azurewebsites.net/api/Activities,101,0,0
1672319890596,97,GET All Activities,200,OK,Endurance Test 1-1,text,true,,3109,164,2,2,https://p3udacityduyyugi-appservice.azurewebsites.net/api/Activities,97,0,0
1672319890607,98,GET All Activities,200,OK,Endurance Test 1-2,text,true,,3079,164,2,2,https://p3udacityduyyugi-appservice.azurewebsites.net/api/Activities,98,0,0
1672319890694,106,GET All Activities,200,OK,Endurance Test 1-1,text,true,,3079,164,2,2,https://p3udacityduyyugi-appservice.azurewebsites.net/api/Activities,106,0,0
1672319890705,102,GET All Activities,200,OK,Endurance Test 1-2,text,true,,3079,164,2,2,https://p3udacityduyyugi-appservice.azurewebsites.net/api/Activities,102,0,0
1672319890800,99,GET All Activities,200,OK,Endurance Test 1-1,text,true,,3109,164,2,2,https://p3udacityduyyugi-appservice.azurewebsites.net/api/Activities,99,0,0
1672319890807,105,GET All Activities,200,OK,Endurance Test 1-2,text,true,,3109,164,2,2,https://p3udacityduyyugi-appservice.azurewebsites.net/api/Activities,105,0,0
1672319890900,108,GET All Activities,200,OK,Endurance Test 1-1,text,true,,3109,164,2,2,https://p3udacityduyyugi-appservice.azurewebsites.net/api/Activities,108,0,0
1672319890913,105,GET All Activities,200,OK,Endurance Test 1-2,text,true,,3109,164,2,2,https://p3udacityduyyugi-appservice.azurewebsites.net/api/Activities,105,0,0
1672319891008,270,GET All Activities,200,OK,Endurance Test 1-1,text,true,,3109,164,2,2,https://p3udacityduyyugi-appservice.azurewebsites.net/api/Activities,270,0,0
1672319891019,307,GET All Activities,200,OK,Endurance Test 1-2,text,true,,3109,164,2,2,https://p3udacityduyyugi-appservice.azurewebsites.net/api/Activities,307,0,0
1672319891279,175,GET All Activities,200,OK,Endurance Test 1-1,text,true,,3109,164,2,2,https://p3udacityduyyugi-appservice.azurewebsites.net/api/Activities,175,0,0
1672319891326,316,GET All Activities,200,OK,Endurance Test 1-2,text,true,,3109,164,2,2,https://p3udacityduyyugi-appservice.azurewebsites.net/api/Activities,316,0,0
1672319891455,193,GET All Activities,200,OK,Endurance Test 1-1,text,true,,3109,164,2,2,https://p3udacityduyyugi-appservice.azurewebsites.net/api/Activities,193,0,0
1672319891642,126,GET All Activities,200,OK,Endurance Test 1-2,text,true,,3109,164,2,2,https://p3udacityduyyugi-appservice.azurewebsites.net/api/Activities,126,0,0
1672319891648,121,GET All Activities,200,OK,Endurance Test 1-1,text,true,,3109,164,2,2,https://p3udacityduyyugi-appservice.azurewebsites.net/api/Activities,121,0,0
1672319891769,97,GET All Activities,200,OK,Endurance Test 1-2,text,true,,3109,164,2,2,https://p3udacityduyyugi-appservice.azurewebsites.net/api/Activities,97,0,0
1672319891769,103,GET All Activities,200,OK,Endurance Test 1-1,text,true,,3109,164,2,2,https://p3udacityduyyugi-appservice.azurewebsites.net/api/Activities,103,0,0
1672319891866,105,GET All Activities,200,OK,Endurance Test 1-2,text,true,,3109,164,2,2,https://p3udacityduyyugi-appservice.azurewebsites.net/api/Activities,105,0,0
1672319891873,104,GET All Activities,200,OK,Endurance Test 1-1,text,true,,3109,164,2,2,https://p3udacityduyyugi-appservice.azurewebsites.net/api/Activities,104,0,0
1672319891971,169,GET All Activities,200,OK,Endurance Test 1-2,text,true,,3109,164,2,2,https://p3udacityduyyugi-appservice.azurewebsites.net/api/Activities,169,0,0
1672319891978,196,GET All Activities,200,OK,Endurance Test 1-1,text,true,,3109,164,2,2,https://p3udacityduyyugi-appservice.azurewebsites.net/api/Activities,196,0,0
1672319892141,94,GET All Activities,200,OK,Endurance Test 1-2,text,true,,3109,164,2,2,https://p3udacityduyyugi-appservice.azurewebsites.net/api/Activities,94,0,0
1672319892174,94,GET All Activities,200,OK,Endurance Test 1-1,text,true,,3109,164,2,2,https://p3udacityduyyugi-appservice.azurewebsites.net/api/Activities,94,0,0
1672319892236,95,GET All Activities,200,OK,Endurance Test 1-2,text,true,,3109,164,2,2,https://p3udacityduyyugi-appservice.azurewebsites.net/api/Activities,95,0,0
1672319892268,98,GET All Activities,200,OK,Endurance Test 1-1,text,true,,3109,164,2,2,https://p3udacityduyyugi-appservice.azurewebsites.net/api/Activities,98,0,0
1672319892332,99,GET All Activities,200,OK,Endurance Test 1-2,text,true,,3109,164,2,2,https://p3udacityduyyugi-appservice.azurewebsites.net/api/Activities,99,0,0
1672319892366,100,GET All Activities,200,OK,Endurance Test 1-1,text,true,,3109,164,2,2,https://p3udacityduyyugi-appservice.azurewebsites.net/api/Activities,100,0,0
1672319892431,99,GET All Activities,200,OK,Endurance Test 1-2,text,true,,3109,164,2,2,https://p3udacityduyyugi-appservice.azurewebsites.net/api/Activities,99,0,0
1672319892466,99,GET All Activities,200,OK,Endurance Test 1-1,text,true,,3109,164,2,2,https://p3udacityduyyugi-appservice.azurewebsites.net/api/Activities,99,0,0
1672319892530,98,GET All Activities,200,OK,Endurance Test 1-2,text,true,,3109,164,2,2,https://p3udacityduyyugi-appservice.azurewebsites.net/api/Activities,98,0,0
1672319892565,97,GET All Activities,200,OK,Endurance Test 1-1,text,true,,3109,164,2,2,https://p3udacityduyyugi-appservice.azurewebsites.net/api/Activities,97,0,0
1672319892629,99,GET All Activities,200,OK,Endurance Test 1-2,text,true,,3109,164,2,2,https://p3udacityduyyugi-appservice.azurewebsites.net/api/Activities,99,0,0
1672319892662,99,GET All Activities,200,OK,Endurance Test 1-1,text,true,,3109,164,2,2,https://p3udacityduyyugi-appservice.azurewebsites.net/api/Activities,99,0,0
1672319892728,130,GET All Activities,200,OK,Endurance Test 1-2,text,true,,3109,164,2,2,https://p3udacityduyyugi-appservice.azurewebsites.net/api/Activities,130,0,0
1672319892762,99,GET All Activities,200,OK,Endurance Test 1-1,text,true,,3109,164,2,2,https://p3udacityduyyugi-appservice.azurewebsites.net/api/Activities,99,0,0
1672319892858,188,GET All Activities,200,OK,Endurance Test 1-2,text,true,,3109,164,2,2,https://p3udacityduyyugi-appservice.azurewebsites.net/api/Activities,188,0,0
1672319892861,186,GET All Activities,200,OK,Endurance Test 1-1,text,true,,3109,164,2,2,https://p3udacityduyyugi-appservice.azurewebsites.net/api/Activities,186,0,0
1672319893048,103,GET All Activities,200,OK,Endurance Test 1-1,text,true,,3109,164,2,2,https://p3udacityduyyugi-appservice.azurewebsites.net/api/Activities,103,0,0
1672319893151,103,GET All Activities,200,OK,Endurance Test 1-1,text,true,,3109,164,2,2,https://p3udacityduyyugi-appservice.azurewebsites.net/api/Activities,103,0,0
1672319893254,103,GET All Activities,200,OK,Endurance Test 1-1,text,true,,3109,164,2,2,https://p3udacityduyyugi-appservice.azurewebsites.net/api/Activities,102,0,0
1672319893046,377,GET All Activities,200,OK,Endurance Test 1-2,text,true,,3109,164,2,2,https://p3udacityduyyugi-appservice.azurewebsites.net/api/Activities,377,0,0
1672319893357,121,GET All Activities,200,OK,Endurance Test 1-1,text,true,,3109,164,2,2,https://p3udacityduyyugi-appservice.azurewebsites.net/api/Activities,121,0,0
1672319893424,124,GET All Activities,200,OK,Endurance Test 1-2,text,true,,3109,164,2,2,https://p3udacityduyyugi-appservice.azurewebsites.net/api/Activities,124,0,0
1672319893479,100,GET All Activities,200,OK,Endurance Test 1-1,text,true,,3109,164,2,2,https://p3udacityduyyugi-appservice.azurewebsites.net/api/Activities,100,0,0
1672319893549,135,GET All Activities,200,OK,Endurance Test 1-2,text,true,,3109,164,2,2,https://p3udacityduyyugi-appservice.azurewebsites.net/api/Activities,135,0,0
1672319893579,112,GET All Activities,200,OK,Endurance Test 1-1,text,true,,3109,164,2,2,https://p3udacityduyyugi-appservice.azurewebsites.net/api/Activities,112,0,0
1672319893691,111,GET All Activities,200,OK,Endurance Test 1-1,text,true,,3109,164,2,2,https://p3udacityduyyugi-appservice.azurewebsites.net/api/Activities,111,0,0
1672319893802,120,GET All Activities,200,OK,Endurance Test 1-1,text,true,,3109,164,2,2,https://p3udacityduyyugi-appservice.azurewebsites.net/api/Activities,120,0,0
1672319893922,111,GET All Activities,200,OK,Endurance Test 1-1,text,true,,3109,164,2,2,https://p3udacityduyyugi-appservice.azurewebsites.net/api/Activities,111,0,0
1672319893685,395,GET All Activities,200,OK,Endurance Test 1-2,text,true,,3109,164,2,2,https://p3udacityduyyugi-appservice.azurewebsites.net/api/Activities,395,0,0
1672319894033,108,GET All Activities,200,OK,Endurance Test 1-1,text,true,,3109,164,2,2,https://p3udacityduyyugi-appservice.azurewebsites.net/api/Activities,108,0,0
1672319894080,115,GET All Activities,200,OK,Endurance Test 1-2,text,true,,3109,164,2,2,https://p3udacityduyyugi-appservice.azurewebsites.net/api/Activities,115,0,0
1672319894141,109,GET All Activities,200,OK,Endurance Test 1-1,text,true,,3109,164,2,2,https://p3udacityduyyugi-appservice.azurewebsites.net/api/Activities,109,0,0
1672319894195,101,GET All Activities,200,OK,Endurance Test 1-2,text,true,,3109,164,2,2,https://p3udacityduyyugi-appservice.azurewebsites.net/api/Activities,101,0,0
1672319894250,106,GET All Activities,200,OK,Endurance Test 1-1,text,true,,3109,164,2,2,https://p3udacityduyyugi-appservice.azurewebsites.net/api/Activities,106,0,0
1672319894296,102,GET All Activities,200,OK,Endurance Test 1-2,text,true,,3109,164,2,2,https://p3udacityduyyugi-appservice.azurewebsites.net/api/Activities,102,0,0
1672319894356,113,GET All Activities,200,OK,Endurance Test 1-1,text,true,,3109,164,2,2,https://p3udacityduyyugi-appservice.azurewebsites.net/api/Activities,113,0,0
1672319894398,100,GET All Activities,200,OK,Endurance Test 1-2,text,true,,3109,164,2,2,https://p3udacityduyyugi-appservice.azurewebsites.net/api/Activities,100,0,0
1672319894469,100,GET All Activities,200,OK,Endurance Test 1-1,text,true,,3109,164,2,2,https://p3udacityduyyugi-appservice.azurewebsites.net/api/Activities,100,0,0
1672319894499,99,GET All Activities,200,OK,Endurance Test 1-2,text,true,,3109,164,2,2,https://p3udacityduyyugi-appservice.azurewebsites.net/api/Activities,99,0,0
1672319894569,100,GET All Activities,200,OK,Endurance Test 1-1,text,true,,3109,164,2,2,https://p3udacityduyyugi-appservice.azurewebsites.net/api/Activities,100,0,0
1672319894598,100,GET All Activities,200,OK,Endurance Test 1-2,text,true,,3109,164,2,2,https://p3udacityduyyugi-appservice.azurewebsites.net/api/Activities,100,0,0
1672319894669,111,GET All Activities,200,OK,Endurance Test 1-1,text,true,,3109,164,2,2,https://p3udacityduyyugi-appservice.azurewebsites.net/api/Activities,111,0,0
1672319894698,101,GET All Activities,200,OK,Endurance Test 1-2,text,true,,3109,164,2,2,https://p3udacityduyyugi-appservice.azurewebsites.net/api/Activities,101,0,0
1672319894781,98,GET All Activities,200,OK,Endurance Test 1-1,text,true,,3079,164,2,2,https://p3udacityduyyugi-appservice.azurewebsites.net/api/Activities,98,0,0
1672319894879,120,GET All Activities,200,OK,Endurance Test 1-1,text,true,,3109,164,2,2,https://p3udacityduyyugi-appservice.azurewebsites.net/api/Activities,120,0,0
1672319894999,102,GET All Activities,200,OK,Endurance Test 1-1,text,true,,3109,164,2,2,https://p3udacityduyyugi-appservice.azurewebsites.net/api/Activities,102,0,0
1672319894799,380,GET All Activities,200,OK,Endurance Test 1-2,text,true,,3109,164,2,2,https://p3udacityduyyugi-appservice.azurewebsites.net/api/Activities,380,0,0
1672319895102,96,GET All Activities,200,OK,Endurance Test 1-1,text,true,,3109,164,2,2,https://p3udacityduyyugi-appservice.azurewebsites.net/api/Activities,95,0,0
1672319895179,101,GET All Activities,200,OK,Endurance Test 1-2,text,true,,3079,164,2,2,https://p3udacityduyyugi-appservice.azurewebsites.net/api/Activities,101,0,0
1672319895198,101,GET All Activities,200,OK,Endurance Test 1-1,text,true,,3079,164,2,2,https://p3udacityduyyugi-appservice.azurewebsites.net/api/Activities,101,0,0
1672319895280,103,GET All Activities,200,OK,Endurance Test 1-2,text,true,,3109,164,2,2,https://p3udacityduyyugi-appservice.azurewebsites.net/api/Activities,103,0,0
1672319895299,110,GET All Activities,200,OK,Endurance Test 1-1,text,true,,3109,164,2,2,https://p3udacityduyyugi-appservice.azurewebsites.net/api/Activities,110,0,0
1672319895383,134,GET All Activities,200,OK,Endurance Test 1-2,text,true,,3109,164,2,2,https://p3udacityduyyugi-appservice.azurewebsites.net/api/Activities,134,0,0
1672319895409,117,GET All Activities,200,OK,Endurance Test 1-1,text,true,,3109,164,2,2,https://p3udacityduyyugi-appservice.azurewebsites.net/api/Activities,117,0,0
1672319895517,131,GET All Activities,200,OK,Endurance Test 1-2,text,true,,3109,164,2,2,https://p3udacityduyyugi-appservice.azurewebsites.net/api/Activities,131,0,0
1672319895526,127,GET All Activities,200,OK,Endurance Test 1-1,text,true,,3109,164,2,2,https://p3udacityduyyugi-appservice.azurewebsites.net/api/Activities,127,0,0
1672319895648,161,GET All Activities,200,OK,Endurance Test 1-2,text,true,,3109,164,2,2,https://p3udacityduyyugi-appservice.azurewebsites.net/api/Activities,161,0,0
1672319895653,156,GET All Activities,200,OK,Endurance Test 1-1,text,true,,3109,164,2,2,https://p3udacityduyyugi-appservice.azurewebsites.net/api/Activities,156,0,0
1672319895809,148,GET All Activities,200,OK,Endurance Test 1-2,text,true,,3109,164,2,2,https://p3udacityduyyugi-appservice.azurewebsites.net/api/Activities,148,0,0
1672319895809,157,GET All Activities,200,OK,Endurance Test 1-1,text,true,,3109,164,2,2,https://p3udacityduyyugi-appservice.azurewebsites.net/api/Activities,157,0,0
1672319895957,99,GET All Activities,200,OK,Endurance Test 1-2,text,true,,3109,164,2,2,https://p3udacityduyyugi-appservice.azurewebsites.net/api/Activities,99,0,0
1672319895965,99,GET All Activities,200,OK,Endurance Test 1-1,text,true,,3109,164,2,2,https://p3udacityduyyugi-appservice.azurewebsites.net/api/Activities,99,0,0
1672319896057,97,GET All Activities,200,OK,Endurance Test 1-2,text,true,,3109,164,2,2,https://p3udacityduyyugi-appservice.azurewebsites.net/api/Activities,97,0,0
1672319896064,98,GET All Activities,200,OK,Endurance Test 1-1,text,true,,3109,164,2,2,https://p3udacityduyyugi-appservice.azurewebsites.net/api/Activities,98,0,0
1672319896154,106,GET All Activities,200,OK,Endurance Test 1-2,text,true,,3109,164,2,2,https://p3udacityduyyugi-appservice.azurewebsites.net/api/Activities,106,0,0
1672319896162,102,GET All Activities,200,OK,Endurance Test 1-1,text,true,,3109,164,2,2,https://p3udacityduyyugi-appservice.azurewebsites.net/api/Activities,102,0,0
1672319896261,98,GET All Activities,200,OK,Endurance Test 1-2,text,true,,3109,164,2,2,https://p3udacityduyyugi-appservice.azurewebsites.net/api/Activities,97,0,0
1672319896264,100,GET All Activities,200,OK,Endurance Test 1-1,text,true,,3109,164,2,2,https://p3udacityduyyugi-appservice.azurewebsites.net/api/Activities,100,0,0
1672319896359,98,GET All Activities,200,OK,Endurance Test 1-2,text,true,,3109,164,2,2,https://p3udacityduyyugi-appservice.azurewebsites.net/api/Activities,98,0,0
1672319896364,96,GET All Activities,200,OK,Endurance Test 1-1,text,true,,3109,164,2,2,https://p3udacityduyyugi-appservice.azurewebsites.net/api/Activities,96,0,0
1672319896457,99,GET All Activities,200,OK,Endurance Test 1-2,text,true,,3109,164,2,2,https://p3udacityduyyugi-appservice.azurewebsites.net/api/Activities,99,0,0
1672319896460,98,GET All Activities,200,OK,Endurance Test 1-1,text,true,,3109,164,2,2,https://p3udacityduyyugi-appservice.azurewebsites.net/api/Activities,98,0,0
1672319896556,99,GET All Activities,200,OK,Endurance Test 1-2,text,true,,3109,164,2,2,https://p3udacityduyyugi-appservice.azurewebsites.net/api/Activities,99,0,0
1672319896558,99,GET All Activities,200,OK,Endurance Test 1-1,text,true,,3109,164,2,2,https://p3udacityduyyugi-appservice.azurewebsites.net/api/Activities,99,0,0
1672319896655,97,GET All Activities,200,OK,Endurance Test 1-2,text,true,,3109,164,2,2,https://p3udacityduyyugi-appservice.azurewebsites.net/api/Activities,97,0,0
1672319896657,101,GET All Activities,200,OK,Endurance Test 1-1,text,true,,3109,164,2,2,https://p3udacityduyyugi-appservice.azurewebsites.net/api/Activities,101,0,0
1672319896752,98,GET All Activities,200,OK,Endurance Test 1-2,text,true,,3109,164,2,2,https://p3udacityduyyugi-appservice.azurewebsites.net/api/Activities,98,0,0
1672319896759,112,GET All Activities,200,OK,Endurance Test 1-1,text,true,,3109,164,2,2,https://p3udacityduyyugi-appservice.azurewebsites.net/api/Activities,112,0,0
1672319896850,107,GET All Activities,200,OK,Endurance Test 1-2,text,true,,3109,164,2,2,https://p3udacityduyyugi-appservice.azurewebsites.net/api/Activities,107,0,0
1672319896871,107,GET All Activities,200,OK,Endurance Test 1-1,text,true,,3109,164,2,2,https://p3udacityduyyugi-appservice.azurewebsites.net/api/Activities,107,0,0
1672319896958,96,GET All Activities,200,OK,Endurance Test 1-2,text,true,,3109,164,2,2,https://p3udacityduyyugi-appservice.azurewebsites.net/api/Activities,96,0,0
1672319896978,97,GET All Activities,200,OK,Endurance Test 1-1,text,true,,3109,164,2,2,https://p3udacityduyyugi-appservice.azurewebsites.net/api/Activities,97,0,0
1672319897054,95,GET All Activities,200,OK,Endurance Test 1-2,text,true,,3109,164,2,2,https://p3udacityduyyugi-appservice.azurewebsites.net/api/Activities,95,0,0
1672319897076,96,GET All Activities,200,OK,Endurance Test 1-1,text,true,,3109,164,2,2,https://p3udacityduyyugi-appservice.azurewebsites.net/api/Activities,96,0,0
1672319897150,97,GET All Activities,200,OK,Endurance Test 1-2,text,true,,3079,164,2,2,https://p3udacityduyyugi-appservice.azurewebsites.net/api/Activities,97,0,0
1672319897172,96,GET All Activities,200,OK,Endurance Test 1-1,text,true,,3079,164,2,2,https://p3udacityduyyugi-appservice.azurewebsites.net/api/Activities,96,0,0
1672319897247,98,GET All Activities,200,OK,Endurance Test 1-2,text,true,,3109,164,2,2,https://p3udacityduyyugi-appservice.azurewebsites.net/api/Activities,98,0,0
1672319897269,95,GET All Activities,200,OK,Endurance Test 1-1,text,true,,3109,164,2,2,https://p3udacityduyyugi-appservice.azurewebsites.net/api/Activities,95,0,0
1672319897346,96,GET All Activities,200,OK,Endurance Test 1-2,text,true,,3109,164,2,2,https://p3udacityduyyugi-appservice.azurewebsites.net/api/Activities,96,0,0
1672319897364,93,GET All Activities,200,OK,Endurance Test 1-1,text,true,,3109,164,2,2,https://p3udacityduyyugi-appservice.azurewebsites.net/api/Activities,93,0,0
1672319897443,95,GET All Activities,200,OK,Endurance Test 1-2,text,true,,3109,164,2,2,https://p3udacityduyyugi-appservice.azurewebsites.net/api/Activities,95,0,0
1672319897457,101,GET All Activities,200,OK,Endurance Test 1-1,text,true,,3109,164,2,2,https://p3udacityduyyugi-appservice.azurewebsites.net/api/Activities,101,0,0
1672319897538,104,GET All Activities,200,OK,Endurance Test 1-2,text,true,,3109,164,2,2,https://p3udacityduyyugi-appservice.azurewebsites.net/api/Activities,104,0,0
1672319897558,103,GET All Activities,200,OK,Endurance Test 1-1,text,true,,3109,164,2,2,https://p3udacityduyyugi-appservice.azurewebsites.net/api/Activities,103,0,0
1672319897642,97,GET All Activities,200,OK,Endurance Test 1-2,text,true,,3109,164,2,2,https://p3udacityduyyugi-appservice.azurewebsites.net/api/Activities,97,0,0
1672319897662,98,GET All Activities,200,OK,Endurance Test 1-1,text,true,,3109,164,2,2,https://p3udacityduyyugi-appservice.azurewebsites.net/api/Activities,97,0,0
1672319897739,98,GET All Activities,200,OK,Endurance Test 1-2,text,true,,3109,164,2,2,https://p3udacityduyyugi-appservice.azurewebsites.net/api/Activities,98,0,0
1672319897760,95,GET All Activities,200,OK,Endurance Test 1-1,text,true,,3109,164,2,2,https://p3udacityduyyugi-appservice.azurewebsites.net/api/Activities,95,0,0
1672319897837,98,GET All Activities,200,OK,Endurance Test 1-2,text,true,,3109,164,2,2,https://p3udacityduyyugi-appservice.azurewebsites.net/api/Activities,98,0,0
1672319897855,99,GET All Activities,200,OK,Endurance Test 1-1,text,true,,3109,164,2,2,https://p3udacityduyyugi-appservice.azurewebsites.net/api/Activities,99,0,0
1672319897935,111,GET All Activities,200,OK,Endurance Test 1-2,text,true,,3109,164,2,2,https://p3udacityduyyugi-appservice.azurewebsites.net/api/Activities,111,0,0
1672319897954,98,GET All Activities,200,OK,Endurance Test 1-1,text,true,,3109,164,2,2,https://p3udacityduyyugi-appservice.azurewebsites.net/api/Activities,98,0,0
1672319898046,97,GET All Activities,200,OK,Endurance Test 1-2,text,true,,3109,164,2,2,https://p3udacityduyyugi-appservice.azurewebsites.net/api/Activities,97,0,0
1672319898052,97,GET All Activities,200,OK,Endurance Test 1-1,text,true,,3109,164,2,2,https://p3udacityduyyugi-appservice.azurewebsites.net/api/Activities,97,0,0
1672319898143,95,GET All Activities,200,OK,Endurance Test 1-2,text,true,,3109,164,2,2,https://p3udacityduyyugi-appservice.azurewebsites.net/api/Activities,95,0,0
1672319898149,96,GET All Activities,200,OK,Endurance Test 1-1,text,true,,3109,164,2,2,https://p3udacityduyyugi-appservice.azurewebsites.net/api/Activities,96,0,0
1672319898238,104,GET All Activities,200,OK,Endurance Test 1-2,text,true,,3109,164,2,2,https://p3udacityduyyugi-appservice.azurewebsites.net/api/Activities,104,0,0
1672319898245,99,GET All Activities,200,OK,Endurance Test 1-1,text,true,,3109,164,2,2,https://p3udacityduyyugi-appservice.azurewebsites.net/api/Activities,99,0,0
1672319898345,98,GET All Activities,200,OK,Endurance Test 1-1,text,true,,3109,164,2,2,https://p3udacityduyyugi-appservice.azurewebsites.net/api/Activities,98,0,0
1672319898342,101,GET All Activities,200,OK,Endurance Test 1-2,text,true,,3109,164,2,2,https://p3udacityduyyugi-appservice.azurewebsites.net/api/Activities,101,0,0
1672319898443,96,GET All Activities,200,OK,Endurance Test 1-1,text,true,,3109,164,2,2,https://p3udacityduyyugi-appservice.azurewebsites.net/api/Activities,96,0,0
1672319898443,96,GET All Activities,200,OK,Endurance Test 1-2,text,true,,3109,164,2,2,https://p3udacityduyyugi-appservice.azurewebsites.net/api/Activities,96,0,0
1672319898539,107,GET All Activities,200,OK,Endurance Test 1-2,text,true,,3109,164,2,2,https://p3udacityduyyugi-appservice.azurewebsites.net/api/Activities,107,0,0
1672319898539,107,GET All Activities,200,OK,Endurance Test 1-1,text,true,,3109,164,2,2,https://p3udacityduyyugi-appservice.azurewebsites.net/api/Activities,107,0,0
1672319898646,99,GET All Activities,200,OK,Endurance Test 1-2,text,true,,3109,164,2,2,https://p3udacityduyyugi-appservice.azurewebsites.net/api/Activities,98,0,0
1672319898646,101,GET All Activities,200,OK,Endurance Test 1-1,text,true,,3109,164,2,2,https://p3udacityduyyugi-appservice.azurewebsites.net/api/Activities,101,0,0
1672319898745,99,GET All Activities,200,OK,Endurance Test 1-2,text,true,,3109,164,2,2,https://p3udacityduyyugi-appservice.azurewebsites.net/api/Activities,99,0,0
1672319898747,101,GET All Activities,200,OK,Endurance Test 1-1,text,true,,3109,164,2,2,https://p3udacityduyyugi-appservice.azurewebsites.net/api/Activities,101,0,0
1672319898844,89,GET All Activities,200,OK,Endurance Test 1-2,text,true,,3109,164,2,2,https://p3udacityduyyugi-appservice.azurewebsites.net/api/Activities,89,0,0
1672319898848,87,GET All Activities,200,OK,Endurance Test 1-1,text,true,,3109,164,2,2,https://p3udacityduyyugi-appservice.azurewebsites.net/api/Activities,87,0,0
1672319898933,80,GET All Activities,200,OK,Endurance Test 1-2,text,true,,3079,164,2,2,https://p3udacityduyyugi-appservice.azurewebsites.net/api/Activities,80,0,0
1672319898935,80,GET All Activities,200,OK,Endurance Test 1-1,text,true,,3079,164,2,2,https://p3udacityduyyugi-appservice.azurewebsites.net/api/Activities,80,0,0
1672319899013,81,GET All Activities,200,OK,Endurance Test 1-2,text,true,,3109,164,2,2,https://p3udacityduyyugi-appservice.azurewebsites.net/api/Activities,81,0,0
1672319899015,79,GET All Activities,200,OK,Endurance Test 1-1,text,true,,3109,164,2,2,https://p3udacityduyyugi-appservice.azurewebsites.net/api/Activities,79,0,0
1672319899095,83,GET All Activities,200,OK,Endurance Test 1-1,text,true,,3109,164,2,2,https://p3udacityduyyugi-appservice.azurewebsites.net/api/Activities,83,0,0
1672319899094,84,GET All Activities,200,OK,Endurance Test 1-2,text,true,,3109,164,2,2,https://p3udacityduyyugi-appservice.azurewebsites.net/api/Activities,84,0,0
1672319899178,94,GET All Activities,200,OK,Endurance Test 1-1,text,true,,3109,164,2,2,https://p3udacityduyyugi-appservice.azurewebsites.net/api/Activities,94,0,0
1672319899178,97,GET All Activities,200,OK,Endurance Test 1-2,text,true,,3109,164,2,2,https://p3udacityduyyugi-appservice.azurewebsites.net/api/Activities,97,0,0
1672319899273,98,GET All Activities,200,OK,Endurance Test 1-1,text,true,,3109,164,2,2,https://p3udacityduyyugi-appservice.azurewebsites.net/api/Activities,98,0,0
1672319899275,98,GET All Activities,200,OK,Endurance Test 1-2,text,true,,3109,164,2,2,https://p3udacityduyyugi-appservice.azurewebsites.net/api/Activities,98,0,0
1672319899371,98,GET All Activities,200,OK,Endurance Test 1-1,text,true,,3109,164,2,2,https://p3udacityduyyugi-appservice.azurewebsites.net/api/Activities,97,0,0
1672319899373,98,GET All Activities,200,OK,Endurance Test 1-2,text,true,,3109,164,2,2,https://p3udacityduyyugi-appservice.azurewebsites.net/api/Activities,98,0,0
1672319899469,95,GET All Activities,200,OK,Endurance Test 1-1,text,true,,3109,164,2,2,https://p3udacityduyyugi-appservice.azurewebsites.net/api/Activities,95,0,0
1672319899471,96,GET All Activities,200,OK,Endurance Test 1-2,text,true,,3109,164,2,2,https://p3udacityduyyugi-appservice.azurewebsites.net/api/Activities,96,0,0
1672319899564,97,GET All Activities,200,OK,Endurance Test 1-1,text,true,,3109,164,2,2,https://p3udacityduyyugi-appservice.azurewebsites.net/api/Activities,97,0,0
1672319899567,99,GET All Activities,200,OK,Endurance Test 1-2,text,true,,3109,164,2,2,https://p3udacityduyyugi-appservice.azurewebsites.net/api/Activities,99,0,0
1672319899661,98,GET All Activities,200,OK,Endurance Test 1-1,text,true,,3109,164,2,2,https://p3udacityduyyugi-appservice.azurewebsites.net/api/Activities,98,0,0
1672319899666,103,GET All Activities,200,OK,Endurance Test 1-2,text,true,,3109,164,2,2,https://p3udacityduyyugi-appservice.azurewebsites.net/api/Activities,103,0,0
1672319899759,99,GET All Activities,200,OK,Endurance Test 1-1,text,true,,3109,164,2,2,https://p3udacityduyyugi-appservice.azurewebsites.net/api/Activities,99,0,0
1672319899770,106,GET All Activities,200,OK,Endurance Test 1-2,text,true,,3109,164,2,2,https://p3udacityduyyugi-appservice.azurewebsites.net/api/Activities,106,0,0
1672319899858,99,GET All Activities,200,OK,Endurance Test 1-1,text,true,,3109,164,2,2,https://p3udacityduyyugi-appservice.azurewebsites.net/api/Activities,99,0,0
1672319899877,97,GET All Activities,200,OK,Endurance Test 1-2,text,true,,3109,164,2,2,https://p3udacityduyyugi-appservice.azurewebsites.net/api/Activities,97,0,0
1672319899958,101,GET All Activities,200,OK,Endurance Test 1-1,text,true,,3109,164,2,2,https://p3udacityduyyugi-appservice.azurewebsites.net/api/Activities,101,0,0
1672319899974,99,GET All Activities,200,OK,Endurance Test 1-2,text,true,,3109,164,2,2,https://p3udacityduyyugi-appservice.azurewebsites.net/api/Activities,99,0,0
1672319900059,100,GET All Activities,200,OK,Endurance Test 1-1,text,true,,3109,164,2,2,https://p3udacityduyyugi-appservice.azurewebsites.net/api/Activities,100,0,0
1672319900073,105,GET All Activities,200,OK,Endurance Test 1-2,text,true,,3109,164,2,2,https://p3udacityduyyugi-appservice.azurewebsites.net/api/Activities,105,0,0
1672319900159,98,GET All Activities,200,OK,Endurance Test 1-1,text,true,,3109,164,2,2,https://p3udacityduyyugi-appservice.azurewebsites.net/api/Activities,98,0,0
1672319900178,103,GET All Activities,200,OK,Endurance Test 1-2,text,true,,3109,164,2,2,https://p3udacityduyyugi-appservice.azurewebsites.net/api/Activities,103,0,0
1672319900257,100,GET All Activities,200,OK,Endurance Test 1-1,text,true,,3109,164,2,2,https://p3udacityduyyugi-appservice.azurewebsites.net/api/Activities,100,0,0
1672319900282,98,GET All Activities,200,OK,Endurance Test 1-2,text,true,,3109,164,2,2,https://p3udacityduyyugi-appservice.azurewebsites.net/api/Activities,98,0,0
1672319900358,98,GET All Activities,200,OK,Endurance Test 1-1,text,true,,3109,164,2,2,https://p3udacityduyyugi-appservice.azurewebsites.net/api/Activities,98,0,0
1672319900380,98,GET All Activities,200,OK,Endurance Test 1-2,text,true,,3109,164,2,2,https://p3udacityduyyugi-appservice.azurewebsites.net/api/Activities,98,0,0
1672319900457,100,GET All Activities,200,OK,Endurance Test 1-1,text,true,,3109,164,2,2,https://p3udacityduyyugi-appservice.azurewebsites.net/api/Activities,100,0,0
1672319900478,100,GET All Activities,200,OK,Endurance Test 1-2,text,true,,3109,164,2,2,https://p3udacityduyyugi-appservice.azurewebsites.net/api/Activities,100,0,0
1672319900557,99,GET All Activities,200,OK,Endurance Test 1-1,text,true,,3109,164,2,2,https://p3udacityduyyugi-appservice.azurewebsites.net/api/Activities,99,0,0
1672319900578,99,GET All Activities,200,OK,Endurance Test 1-2,text,true,,3109,164,2,2,https://p3udacityduyyugi-appservice.azurewebsites.net/api/Activities,99,0,0
1672319900657,99,GET All Activities,200,OK,Endurance Test 1-1,text,true,,3109,164,2,2,https://p3udacityduyyugi-appservice.azurewebsites.net/api/Activities,99,0,0
1672319900677,109,GET All Activities,200,OK,Endurance Test 1-2,text,true,,3109,164,1,1,https://p3udacityduyyugi-appservice.azurewebsites.net/api/Activities,109,0,0
